"Rank","Player","TGT","REC","YDS","Y/R","LG","20+","TD","ATT","YDS","TD","FL","G","FPTS","FPTS/G","ROST"
"1","Jalen Nailor (MIN)","6","5","124","24.8","62","2","1","0","0","0","0","1","18.4","18.4","2.2%"
"2","Drake London (ATL)","8","6","104","17.3","30","1","1","0","0","0","0","1","18.4","18.4","99.6%"
"3","Jameson Williams (DET)","7","6","119","19.8","41","2","1","0","0","0","0","1","17.9","17.9","89.0%"
"4","Emeka Egbuka (TB)","13","6","115","19.2","31","4","1","0","0","0","0","1","17.5","17.5","97.6%"
"5","Ladd McConkey (LAC)","6","4","107","26.8","58","1","1","0","0","0","0","1","16.7","16.7","98.2%"
"6","Chris Olave (NO)","8","5","104","20.8","62","1","1","0","0","0","0","1","16.4","16.4","92.5%"
"7","Tez Johnson (TB)","5","4","42","10.5","12","0","2","0","0","0","0","1","16.2","16.2","38.6%"
"8","Nico Collins (HOU)","15","7","136","19.4","54","2","0","0","0","0","0","1","15.6","15.6","99.0%"
"9","Jaxon Smith-Njigba (SEA)","6","5","93","18.6","43","1","1","0","0","0","0","1","15.3","15.3","99.5%"
"10","Parker Washington (JAC)","7","3","33","11.0","17","0","1","2","-4","0","0","1","14.9","14.9","20.4%"
"11","Rome Odunze (CHI)","10","6","86","14.3","27","1","1","0","0","0","0","1","14.6","14.6","94.4%"
"12","Alec Pierce (IND)","7","4","84","21.0","37","2","1","0","0","0","0","1","14.4","14.4","30.8%"
"13","Jaylen Waddle (MIA)","7","5","84","16.8","38","2","1","0","0","0","0","1","14.4","14.4","95.5%"
"14","Jerry Jeudy (CLE)","12","6","78","13.0","22","1","1","0","0","0","0","1","13.8","13.8","70.0%"
"15","Davante Adams (LAR)","8","6","77","12.8","23","1","1","0","0","0","0","1","13.7","13.7","98.5%"
"16","Kyle Williams (NE)","2","1","72","72.0","72","1","1","0","0","0","0","1","13.2","13.2","3.0%"
"17","DeVonta Smith (PHI)","7","4","69","17.3","36","1","1","0","0","0","0","1","12.9","12.9","96.0%"
"18","Puka Nacua (LAR)","6","5","64","12.8","22","1","1","0","0","0","0","1","12.4","12.4","99.8%"
"19","Amon-Ra St. Brown (DET)","8","5","58","11.6","16","0","1","0","0","0","0","1","11.8","11.8","99.6%"
"20","Marvin Harrison Jr. (ARI)","12","3","33","11.0","14","0","1","0","0","0","0","1","11.3","11.3","95.5%"
"21","Jauan Jennings (SF)","9","6","71","11.8","22","1","1","0","0","0","1","1","11.1","11.1","81.5%"
"22","Stefon Diggs (NE)","8","5","46","9.2","19","0","1","0","0","0","0","1","10.6","10.6","91.9%"
"23","Mack Hollins (NE)","10","6","106","17.7","54","1","0","0","0","0","0","1","10.6","10.6","1.1%"
"24","Keon Coleman (BUF)","8","3","46","15.3","35","1","1","0","0","0","0","1","10.6","10.6","54.4%"
"25","Jayden Higgins (HOU)","7","5","42","8.4","12","0","1","0","0","0","0","1","10.2","10.2","15.8%"
"26","Troy Franklin (DEN)","9","5","40","8.0","18","0","1","0","0","0","0","1","10.0","10.0","58.0%"
"27","Roman Wilson (PIT)","3","2","35","17.5","27","1","1","0","0","0","0","1","9.5","9.5","1.5%"
"28","Darius Slayton (NYG)","4","4","89","22.3","38","2","0","0","0","0","0","1","8.9","8.9","44.6%"
"29","Deebo Samuel Sr. (WAS)","5","4","29","7.3","19","0","1","0","0","0","0","1","8.9","8.9","92.1%"
"30","Zay Flowers (BAL)","6","4","75","18.8","27","2","0","1","6","0","0","1","8.1","8.1","96.5%"
"31","Cooper Kupp (SEA)","2","2","74","37.0","67","1","0","0","0","0","0","1","7.4","7.4","64.4%"
"32","Malik Washington (MIA)","3","2","9","4.5","9","0","1","1","4","0","0","1","7.3","7.3","18.0%"
"33","Isaiah Williams (NYJ)","1","1","4","4.0","4","0","0","0","0","0","0","1","6.4","6.4","0.1%"
"34","Greg Dortch (ARI)","0","0","0","0","0","0","0","2","2","1","0","1","6.2","6.2","0.9%"
"35","Wan'Dale Robinson (NYG)","11","6","62","10.3","15","0","0","0","0","0","0","1","6.2","6.2","62.9%"
"36","Tetairoa McMillan (CAR)","8","5","60","12.0","26","1","0","0","0","0","0","1","6.0","6.0","94.0%"
"37","Kalif Raymond (DET)","4","4","49","12.3","18","0","0","1","10","0","0","1","5.9","5.9","0.6%"
"38","Khalil Shakir (BUF)","9","7","58","8.3","24","1","0","0","0","0","0","1","5.8","5.8","82.7%"
"39","Treylon Burks (WAS)","3","3","58","19.3","37","1","0","0","0","0","0","1","5.8","5.8","0.6%"
"40","Luther Burden III (CHI)","3","3","51","17.0","27","1","0","0","0","0","0","1","5.1","5.1","8.4%"
"41","Christian Watson (GB)","4","2","45","22.5","25","2","0","0","0","0","0","1","4.5","4.5","21.7%"
"42","Tyler Lockett (LV)","6","5","44","8.8","19","0","0","0","0","0","0","1","4.4","4.4","2.5%"
"43","Pat Bryant (DEN)","2","1","43","43.0","43","1","0","0","0","0","0","1","4.3","4.3","2.0%"
"44","Quentin Johnston (LAC)","10","5","42","8.4","15","0","0","0","0","0","0","1","4.2","4.2","63.0%"
"45","Jakobi Meyers (JAC)","3","3","41","13.7","23","1","0","0","0","0","0","1","4.1","4.1","79.9%"
"46","Jaylin Lane (WAS)","1","1","41","41.0","41","1","0","0","0","0","0","1","4.1","4.1","1.5%"
"47","Dontayvion Wicks (GB)","8","4","38","9.5","20","1","0","0","0","0","0","1","3.8","3.8","2.8%"
"48","Justin Jefferson (MIN)","12","4","37","9.3","11","0","0","0","0","0","0","1","3.7","3.7","99.8%"
"49","Tre Tucker (LV)","3","2","28","14.0","25","1","0","1","7","0","0","1","3.5","3.5","47.3%"
"50","Jaylin Noel (HOU)","4","4","35","8.8","27","1","0","0","0","0","0","1","3.5","3.5","3.6%"
"51","Jordan Addison (MIN)","11","3","35","11.7","26","1","0","0","0","0","0","1","3.5","3.5","87.6%"
"52","DK Metcalf (PIT)","7","3","35","11.7","19","0","0","0","0","0","0","1","3.5","3.5","97.6%"
"53","DeMario Douglas (NE)","2","2","34","17.0","26","1","0","1","0","0","0","1","3.4","3.4","16.3%"
"54","Demarcus Robinson (SF)","4","3","34","11.3","14","0","0","0","0","0","0","1","3.4","3.4","1.1%"
"55","Michael Wilson (ARI)","7","4","34","8.5","15","0","0","0","0","0","0","1","3.4","3.4","4.0%"
"56","Austin Trammell (JAC)","3","2","33","16.5","18","0","0","0","0","0","0","1","3.3","3.3","0.0%"
"57","Malachi Corley (CLE)","1","0","0","0","0","0","0","2","32","0","0","1","3.2","3.2","1.1%"
"58","Sterling Shepard (TB)","4","3","20","6.7","11","0","0","1","11","0","0","1","3.1","3.1","4.5%"
"59","Rashod Bateman (BAL)","2","1","10","10.0","10","0","0","0","0","0","0","1","3.0","3.0","18.5%"
"60","Bo Melton (GB)","5","2","28","14.0","18","0","0","0","0","0","0","1","2.8","2.8","1.5%"
"61","Courtland Sutton (DEN)","4","3","24","8.0","14","0","0","0","0","0","0","1","2.4","2.4","94.8%"
"62","Tyrell Shavers (BUF)","1","1","24","24.0","24","1","0","0","0","0","0","1","2.4","2.4","0.1%"
"63","Rashid Shaheed (SEA)","1","1","3","3.0","3","0","0","2","20","0","0","1","2.3","2.3","76.9%"
"64","Ashton Dulin (IND)","0","0","0","0","0","0","0","1","22","0","0","1","2.2","2.2","0.1%"
"65","Curtis Samuel (BUF)","1","1","21","21.0","21","1","0","0","0","0","0","1","2.1","2.1","1.1%"
"66","Jalen Coker (CAR)","4","3","21","7.0","10","0","0","0","0","0","0","1","2.1","2.1","5.0%"
"67","Kendrick Bourne (SF)","1","1","19","19.0","19","0","0","0","0","0","0","1","1.9","1.9","11.4%"
"68","Keenan Allen (LAC)","5","2","19","9.5","12","0","0","0","0","0","0","1","1.9","1.9","88.1%"
"69","Michael Pittman Jr. (IND)","2","2","19","9.5","10","0","0","0","0","0","0","1","1.9","1.9","87.8%"
"70","Skyy Moore (SF)","1","1","18","18.0","18","0","0","0","0","0","0","1","1.8","1.8","1.9%"
"71","Darnell Mooney (ATL)","8","1","17","17.0","17","0","0","0","0","0","0","1","1.7","1.7","45.4%"
"72","Robbie Chosen (WAS)","4","1","17","17.0","17","0","0","0","0","0","0","1","1.7","1.7","0.0%"
"73","Adam Thielen (MIN)","3","2","16","8.0","9","0","0","0","0","0","0","1","1.6","1.6","6.0%"
"74","DeAndre Hopkins (BAL)","3","2","16","8.0","9","0","0","0","0","0","0","1","1.6","1.6","4.6%"
"75","Devaughn Vele (NO)","3","1","15","15.0","15","0","0","0","0","0","0","1","1.5","1.5","1.3%"
"76","Xavier Smith (LAR)","1","1","14","14.0","14","0","0","0","0","0","0","1","1.4","1.4","0.6%"
"77","Calvin Austin III (PIT)","7","2","14","7.0","8","0","0","0","0","0","0","1","1.4","1.4","11.6%"
"78","Arian Smith (NYJ)","0","0","0","0","0","0","0","1","13","0","0","1","1.3","1.3","0.7%"
"79","A.J. Brown (PHI)","3","2","13","6.5","7","0","0","0","0","0","0","1","1.3","1.3","98.7%"
"80","Isaac TeSlaa (DET)","1","1","11","11.0","11","0","0","0","0","0","0","1","1.1","1.1","2.9%"
"81","Kameron Johnson (TB)","1","0","0","0","0","0","0","1","11","0","0","1","1.1","1.1","0.3%"
"82","Cedric Tillman (CLE)","4","2","11","5.5","9","0","0","0","0","0","0","1","1.1","1.1","12.4%"
"83","Elijah Moore (BUF)","2","2","9","4.5","5","0","0","1","-1","0","0","1","0.8","0.8","0.7%"
"84","Nick Westbrook-Ikhine (MIA)","1","1","7","7.0","7","0","0","0","0","0","0","1","0.7","0.7","1.1%"
"85","Olamide Zaccheaus (CHI)","4","1","5","5.0","5","0","0","0","0","0","0","1","0.5","0.5","8.3%"
"86","Romeo Doubs (GB)","4","1","5","5.0","5","0","0","0","0","0","0","1","0.5","0.5","59.2%"
"87","Tre Harris (LAC)","2","2","4","2.0","5","0","0","0","0","0","0","1","0.4","0.4","4.5%"
"88","Dont'e Thornton Jr. (LV)","2","1","4","4.0","4","0","0","0","0","0","0","1","0.4","0.4","2.7%"
"89","Josh Downs (IND)","2","1","3","3.0","3","0","0","0","0","0","0","1","0.3","0.3","64.6%"
"90","Derius Davis (LAC)","1","1","3","3.0","3","0","0","0","0","0","0","1","0.3","0.3","0.6%"
"91","Christian Kirk (HOU)","3","1","3","3.0","3","0","0","0","0","0","0","1","0.3","0.3","27.2%"
"92","Savion Williams (GB)","2","2","2","1.0","2","0","0","0","0","0","0","1","0.2","0.2","0.7%"
"93","Chris Tyree (NO)","0","0","0","0","0","0","0","0","0","0","0","0","0","0","0.0%"
"94","Kevin Austin Jr. (NO)","0","0","0","0","0","0","0","0","0","0","0","0","0","0","0.0%"
"95","Jonathan Mingo (DAL)","0","0","0","0","0","0","0","0","0","0","0","0","0","0","0.6%"
"96","Garrett Wilson (NYJ)","3","0","0","0","0","0","0","0","0","0","0","1","0.0","0.0","95.9%"
"97","Malik Cunningham (DET)","0","0","0","0","0","0","0","0","0","0","0","0","0","0","1.1%"
"98","Kayshon Boutte (NE)","0","0","0","0","0","0","0","0","0","0","0","0","0","0","24.2%"
"99","Brian Thomas Jr. (JAC)","0","0","0","0","0","0","0","0","0","0","0","0","0","0","93.2%"
"100","Ronnie Bell (NO)","0","0","0","0","0","0","0","0","0","0","0","0","0","0","0.0%"
"101","AJ Henning (MIA)","0","0","0","0","0","0","0","0","0","0","0","0","0","0","0.0%"
"102","Cornelius Johnson (BAL)","0","0","0","0","0","0","0","0","0","0","0","0","0","0","1.0%"
"103","Xavier Worthy (KC)","0","0","0","0","0","0","0","0","0","0","0","0","0","0","88.6%"
"104","Jayden Reed (GB)","0","0","0","0","0","0","0","0","0","0","0","0","0","0","37.0%"
"105","Marvin Mims Jr. (DEN)","0","0","0","0","0","0","0","0","0","0","0","0","0","0","31.1%"
"106","Jalen McMillan (TB)","0","0","0","0","0","0","0","0","0","0","0","0","0","0","3.3%"
"107","Simi Fehoko (ARI)","0","0","0","0","0","0","0","0","0","0","0","1","0.0","0.0","1.0%"
"108","Rashee Rice (KC)","0","0","0","0","0","0","0","0","0","0","0","0","0","0","97.5%"
"109","Jahan Dotson (PHI)","1","0","0","0","0","0","0","0","0","0","0","1","0.0","0.0","1.1%"
"110","Jordan Whittington (LAR)","0","0","0","0","0","0","0","0","0","0","0","1","0.0","0.0","2.0%"
"111","Ainias Smith (CAR)","0","0","0","0","0","0","0","0","0","0","0","0","0","0","1.0%"
"112","Chris Blair (ATL)","0","0","0","0","0","0","0","0","0","0","0","0","0","0","0.0%"
"113","George Pickens (DAL)","0","0","0","0","0","0","0","0","0","0","0","0","0","0","97.1%"
"114","Beaux Collins (NYG)","0","0","0","0","0","0","0","0","0","0","0","0","0","0","0.1%"
"115","Jermaine Burton (CIN)","0","0","0","0","0","0","0","0","0","0","0","0","0","0","0.6%"
"116","Tyquan Thornton (KC)","0","0","0","0","0","0","0","0","0","0","0","0","0","0","2.2%"
"117","Dee Eskridge (MIA)","0","0","0","0","0","0","0","0","0","0","0","0","0","0","0.0%"
"118","Ben Skowronek (PIT)","0","0","0","0","0","0","0","0","0","0","0","1","0.0","0.0","0.1%"
"119","Traeshon Holden (DAL)","0","0","0","0","0","0","0","0","0","0","0","0","0","0","0.0%"
"120","Joshua Palmer (BUF)","0","0","0","0","0","0","0","0","0","0","0","0","0","0","5.7%"
"121","Ja'Corey Brooks (WAS)","0","0","0","0","0","0","0","0","0","0","0","0","0","0","1.0%"
"122","Lawrence Cager (WAS)","0","0","0","0","0","0","0","0","0","0","0","0","0","0","0.0%"
"123","Mason Kinsey (TEN)","0","0","0","0","0","0","0","0","0","0","0","0","0","0","0.0%"
"124","Quez Watkins (PHI)","0","0","0","0","0","0","0","0","0","0","0","0","0","0","0.0%"
"125","Cody White (SEA)","0","0","0","0","0","0","0","0","0","0","0","1","0.0","0.0","0.0%"
"126","Van Jefferson (TEN)","0","0","0","0","0","0","0","0","0","0","0","0","0","0","0.8%"
"127","Gabe Davis (BUF)","0","0","0","0","0","0","0","0","0","0","0","0","0","0","0.9%"
"128","Isaiah Hodgins (PIT)","0","0","0","0","0","0","0","0","0","0","0","0","0","0","0.0%"
"129","Ja'Marr Chase (CIN)","0","0","0","0","0","0","0","0","0","0","0","0","0","0","99.5%"
"130","Rondale Moore (MIN)","0","0","0","0","0","0","0","0","0","0","0","0","0","0","1.2%"
"131","Tylan Wallace (BAL)","0","0","0","0","0","0","0","0","0","0","0","1","0.0","0.0","0.6%"
"132","Scotty Washington (BAL)","0","0","0","0","0","0","0","0","0","0","0","0","0","0","0.0%"
"133","Quintez Cephus (HOU)","0","0","0","0","0","0","0","0","0","0","0","0","0","0","0.0%"
"134","James Proche II (TEN)","0","0","0","0","0","0","0","0","0","0","0","0","0","0","0.0%"
"135","Alex Bachman (LV)","0","0","0","0","0","0","0","0","0","0","0","1","0.0","0.0","0.0%"
"136","CeeDee Lamb (DAL)","0","0","0","0","0","0","0","0","0","0","0","0","0","0","99.8%"
"137","Tee Higgins (CIN)","0","0","0","0","0","0","0","0","0","0","0","0","0","0","97.7%"
"138","Brandon Aiyuk (SF)","0","0","0","0","0","0","0","0","0","0","0","0","0","0","45.3%"
"139","Devin Duvernay (CHI)","0","0","0","0","0","0","0","0","0","0","0","1","0.0","0.0","0.6%"
"140","D.J. Montgomery (IND)","0","0","0","0","0","0","0","0","0","0","0","0","0","0","0.0%"
"141","Tom Kennedy (DET)","0","0","0","0","0","0","0","0","0","0","0","0","0","0","0.0%"
"142","Gunner Olszewski (NYG)","2","0","0","0","0","0","0","0","0","0","0","1","0.0","0.0","0.1%"
"143","Tutu Atwell (LAR)","0","0","0","0","0","0","0","0","0","0","0","0","0","0","1.4%"
"144","Dan Chisena (CAR)","0","0","0","0","0","0","0","0","0","0","0","1","0.0","0.0","0.0%"
"145","Andre Baccellia (ARI)","0","0","0","0","0","0","0","0","0","0","0","0","0","0","0.0%"
"146","Seth Williams (LV)","0","0","0","0","0","0","0","0","0","0","0","0","0","0","0.0%"
"147","Dyami Brown (JAC)","1","0","0","0","0","0","0","0","0","0","0","1","0.0","0.0","3.2%"
"148","Ihmir Smith-Marsette (NYG)","0","0","0","0","0","0","0","0","0","0","0","0","0","0","1.0%"
"149","Mason Tipton (NO)","0","0","0","0","0","0","0","0","0","0","0","1","0.0","0.0","1.3%"
"150","JaQuae Jackson (LAC)","0","0","0","0","0","0","0","0","0","0","0","0","0","0","0.0%"
"151","Bryce Oliver (TEN)","0","0","0","0","0","0","0","0","0","0","0","0","0","0","0.0%"
"152","Dayton Wade (BAL)","0","0","0","0","0","0","0","0","0","0","0","0","0","0","0.0%"
"153","Tejhaun Palmer (ARI)","0","0","0","0","0","0","0","0","0","0","0","0","0","0","0.0%"
"154","Casey Washington (ATL)","0","0","0","0","0","0","0","0","0","0","0","1","0.0","0.0","0.0%"
"155","Jeshaun Jones (MIN)","0","0","0","0","0","0","0","0","0","0","0","0","0","0","0.0%"
"156","Anthony Gould (IND)","0","0","0","0","0","0","0","0","0","0","0","0","0","0","0.6%"
"157","John Jiles (NE)","0","0","0","0","0","0","0","0","0","0","0","0","0","0","0.0%"
"158","Dee Williams (CLE)","0","0","0","0","0","0","0","0","0","0","0","0","0","0","1.1%"
"159","Travis Hunter (JAC)","0","0","0","0","0","0","0","0","0","0","0","0","0","0","81.6%"
"160","Matthew Golden (GB)","0","0","0","0","0","0","0","0","0","0","0","0","0","0","52.8%"
"161","Devontez Walker (BAL)","0","0","0","0","0","0","0","0","0","0","0","0","0","0","0.6%"
"162","Tory Horton (SEA)","0","0","0","0","0","0","0","0","0","0","0","0","0","0","10.9%"
"163","Dominic Lovett (DET)","0","0","0","0","0","0","0","0","0","0","0","1","0.0","0.0","0.6%"
"164","Isaiah Neyor (GB)","0","0","0","0","0","0","0","0","0","0","0","0","0","0","1.0%"
"165","Bub Means (NO)","0","0","0","0","0","0","0","0","0","0","0","0","0","0","1.0%"
"166","Luke McCaffrey (WAS)","0","0","0","0","0","0","0","0","0","0","0","0","0","0","3.1%"
"167","Joshua Cephus (JAC)","0","0","0","0","0","0","0","0","0","0","0","0","0","0","0.0%"
"168","Ricky Pearsall (SF)","0","0","0","0","0","0","0","0","0","0","0","0","0","0","69.1%"
"169","Tahj Washington (MIA)","0","0","0","0","0","0","0","0","0","0","0","1","0.0","0.0","1.0%"
"170","Ryan Flournoy (DAL)","0","0","0","0","0","0","0","0","0","0","0","0","0","0","1.0%"
"171","Xavier Legette (CAR)","1","0","0","0","0","0","0","0","0","0","0","1","0.0","0.0","15.5%"
"172","Jamari Thrash (CLE)","1","0","0","0","0","0","0","0","0","0","0","1","0.0","0.0","0.6%"
"173","Ja'Lynn Polk (NO)","0","0","0","0","0","0","0","0","0","0","0","0","0","0","1.0%"
"174","Dalen Cambre (NYG)","0","0","0","0","0","0","0","0","0","0","0","0","0","0","0.0%"
"175","Chandler Brayboy (JAC)","0","0","0","0","0","0","0","0","0","0","0","0","0","0","0.0%"
"176","Quentin Skinner (NYJ)","0","0","0","0","0","0","0","0","0","0","0","0","0","0","0.0%"
"177","Jackson Meeks (DET)","0","0","0","0","0","0","0","0","0","0","0","0","0","0","0.0%"
"178","Jakobie Keeney-James (GB)","0","0","0","0","0","0","0","0","0","0","0","0","0","0","0.0%"
"179","Dontae Fleming (MIN)","0","0","0","0","0","0","0","0","0","0","0","0","0","0","0.0%"
"180","Tru Edwards (LAR)","0","0","0","0","0","0","0","0","0","0","0","0","0","0","0.0%"
"181","Brennan Presley (LAR)","0","0","0","0","0","0","0","0","0","0","0","0","0","0","0.0%"
"182","Stephen Gosnell (BUF)","0","0","0","0","0","0","0","0","0","0","0","0","0","0","0.0%"
"183","Junior Bergen (SF)","0","0","0","0","0","0","0","0","0","0","0","0","0","0","0.0%"
"184","JP Richardson (CHI)","0","0","0","0","0","0","0","0","0","0","0","0","0","0","0.0%"
"185","Hal Presley III (TEN)","0","0","0","0","0","0","0","0","0","0","0","0","0","0","0.0%"
"186","Jordan Moore (CIN)","0","0","0","0","0","0","0","0","0","0","0","0","0","0","0.0%"
"187","Coleman Owen (IND)","0","0","0","0","0","0","0","0","0","0","0","0","0","0","0.0%"
"188","Courtney Jackson (SEA)","0","0","0","0","0","0","0","0","0","0","0","0","0","0","0.0%"
"189","Luke Grimm (LAC)","0","0","0","0","0","0","0","0","0","0","0","0","0","0","0.0%"
"190","Dalevon Campbell (LAC)","0","0","0","0","0","0","0","0","0","0","0","0","0","0","0.0%"
"191","Kyrese Rowan (DEN)","0","0","0","0","0","0","0","0","0","0","0","0","0","0","0.0%"
"192","Tyrone Broden (SEA)","0","0","0","0","0","0","0","0","0","0","0","0","0","0","0.0%"
"193","Darius Cooper (PHI)","0","0","0","0","0","0","0","0","0","0","0","1","0.0","0.0","1.5%"
"194","Jahdae Walker (CHI)","0","0","0","0","0","0","0","0","0","0","0","0","0","0","0.1%"
"195","Gage Larvadain (CLE)","0","0","0","0","0","0","0","0","0","0","0","1","0.0","0.0","0.0%"
"196","Jeremiah Webb (NE)","0","0","0","0","0","0","0","0","0","0","0","0","0","0","0.0%"
"197","Ja'seem Reed (CAR)","0","0","0","0","0","0","0","0","0","0","0","0","0","0","0.0%"
"198","Luke Floriea (CLE)","0","0","0","0","0","0","0","0","0","0","0","0","0","0","0.0%"
"199","Jordan Watkins (SF)","0","0","0","0","0","0","0","0","0","0","0","1","0.0","0.0","0.7%"
"200","Chimere Dike (TEN)","0","0","0","0","0","0","0","0","0","0","0","0","0","0","19.7%"
"201","TJ Moore (NYG)","0","0","0","0","0","0","0","0","0","0","0","0","0","0","0.0%"
"202","Da'Quan Felton (NYG)","0","0","0","0","0","0","0","0","0","0","0","0","0","0","0.0%"
"203","Elic Ayomanor (TEN)","0","0","0","0","0","0","0","0","0","0","0","0","0","0","20.8%"
"204","Xavier Restrepo (TEN)","0","0","0","0","0","0","0","0","0","0","0","0","0","0","1.3%"
"205","Jalen Royals (KC)","0","0","0","0","0","0","0","0","0","0","0","0","0","0","1.4%"
"206","Jimmy Horn Jr. (CAR)","0","0","0","0","0","0","0","0","0","0","0","1","0.0","0.0","0.6%"
"207","Tai Felton (MIN)","0","0","0","0","0","0","0","0","0","0","0","0","0","0","0.6%"
"208","Ricky White III (SEA)","0","0","0","0","0","0","0","0","0","0","0","1","0.0","0.0","1.0%"
"209","Theo Wease Jr. (MIA)","0","0","0","0","0","0","0","0","0","0","0","0","0","0","0.0%"
"210","Jack Bech (LV)","1","0","0","0","0","0","0","0","0","0","0","1","0.0","0.0","3.2%"
"211","Will Sheppard (GB)","0","0","0","0","0","0","0","0","0","0","0","0","0","0","0.0%"
"212","Nick Nash (ATL)","0","0","0","0","0","0","0","0","0","0","0","0","0","0","1.0%"
"213","Josh Kelly (HOU)","0","0","0","0","0","0","0","0","0","0","0","0","0","0","0.0%"
"214","Jamaal Pritchett (NYJ)","0","0","0","0","0","0","0","0","0","0","0","0","0","0","0.0%"
"215","Efton Chism III (NE)","0","0","0","0","0","0","0","0","0","0","0","1","0.0","0.0","0.6%"
"216","LaJohntay Wester (BAL)","0","0","0","0","0","0","0","0","0","0","0","1","0.0","0.0","0.7%"
"217","Traeshin Holden (DAL)","0","0","0","0","0","0","0","0","0","0","0","0","0","0","0.0%"
"218","Konata Mumpfield (LAR)","2","0","0","0","0","0","0","0","0","0","0","1","0.0","0.0","1.0%"
"219","Jacksin Meeks (DET)","0","0","0","0","0","0","0","0","0","0","0","0","0","0","0.0%"
"220","Garrett Greene (TB)","0","0","0","0","0","0","0","0","0","0","0","0","0","0","0.0%"
"221","John Stephens Jr. (DAL)","0","0","0","0","0","0","0","0","0","0","0","0","0","0","0.0%"
"222","A.T. Perry (DEN)","0","0","0","0","0","0","0","0","0","0","0","0","0","0","1.6%"
"223","Adonai Mitchell (NYJ)","0","0","0","0","0","0","0","0","0","0","0","0","0","0","2.7%"
"224","Mitch Tinsley (CIN)","0","0","0","0","0","0","0","0","0","0","0","0","0","0","0.6%"
"225","Isaiah Bond (CLE)","0","0","0","0","0","0","0","0","0","0","0","0","0","0","1.6%"
"226","KeAndre Lambert-Smith (LAC)","0","0","0","0","0","0","0","0","0","0","0","0","0","0","0.6%"
"227","Jacoby Jones (WAS)","0","0","0","0","0","0","0","0","0","0","0","0","0","0","0.0%"
"228","Brandon Johnson (TB)","0","0","0","0","0","0","0","0","0","0","0","0","0","0","1.0%"
"229","Britain Covey (PHI)","0","0","0","0","0","0","0","0","0","0","0","0","0","0","0.0%"
"230","Dareke Young (SEA)","0","0","0","0","0","0","0","0","0","0","0","0","0","0","0.0%"
"231","Jalen Virgil (ARI)","0","0","0","0","0","0","0","0","0","0","0","0","0","0","0.0%"
"232","Trenton Irwin (NYJ)","0","0","0","0","0","0","0","0","0","0","0","0","0","0","0.0%"
"233","Michael Bandy (FA)","0","0","0","0","0","0","0","0","0","0","0","1","0.0","0.0","0.0%"
"234","Tim Jones (JAC)","0","0","0","0","0","0","0","0","0","0","0","1","0.0","0.0","0.0%"
"235","Brandon Smith (NYJ)","0","0","0","0","0","0","0","0","0","0","0","0","0","0","0.0%"
"236","DJ Turner (LV)","0","0","0","0","0","0","0","0","0","0","0","0","0","0","1.0%"
"237","Deven Thompkins (ATL)","0","0","0","0","0","0","0","0","0","0","0","0","0","0","0.0%"
"238","Danny Gray (PHI)","0","0","0","0","0","0","0","0","0","0","0","0","0","0","0.0%"
"239","Justin Shorter (LV)","0","0","0","0","0","0","0","0","0","0","0","0","0","0","1.9%"
"240","Jalen Tolbert (DAL)","0","0","0","0","0","0","0","0","0","0","0","0","0","0","1.8%"
"241","Samori Toure (DEN)","0","0","0","0","0","0","0","0","0","0","0","0","0","0","0.0%"
"242","Michael Woods II (GB)","0","0","0","0","0","0","0","0","0","0","0","0","0","0","0.0%"
"243","Xavier Weaver (ARI)","0","0","0","0","0","0","0","0","0","0","0","0","0","0","0.0%"
"244","Brycen Tremayne (CAR)","0","0","0","0","0","0","0","0","0","0","0","0","0","0","0.0%"
"245","Tyler Scott (LAR)","0","0","0","0","0","0","0","0","0","0","0","0","0","0","1.7%"
"246","Jalen Brooks (ARI)","0","0","0","0","0","0","0","0","0","0","0","0","0","0","1.0%"
"247","Jared Wayne (HOU)","0","0","0","0","0","0","0","0","0","0","0","0","0","0","0.0%"
"248","Ryan Miller (TB)","0","0","0","0","0","0","0","0","0","0","0","1","0.0","0.0","1.0%"
"249","Dylan Drummond (ATL)","0","0","0","0","0","0","0","0","0","0","0","0","0","0","0.0%"
"250","Malik Heath (GB)","0","0","0","0","0","0","0","0","0","0","0","1","0.0","0.0","0.6%"
"251","Shedrick Jackson (LV)","0","0","0","0","0","0","0","0","0","0","0","0","0","0","1.0%"
"252","Jason Brownlee (KC)","0","0","0","0","0","0","0","0","0","0","0","0","0","0","0.0%"
"253","Xavier Gipson (PHI)","0","0","0","0","0","0","0","0","0","0","0","1","0.0","0.0","1.1%"
"254","Nikko Remigio (KC)","0","0","0","0","0","0","0","0","0","0","0","0","0","0","0.6%"
"255","Irvin Charles (NYJ)","0","0","0","0","0","0","0","0","0","0","0","0","0","0","1.1%"
"256","Kaden Davis (CLE)","0","0","0","0","0","0","0","0","0","0","0","0","0","0","1.1%"
"257","Kendric Pryor (CIN)","0","0","0","0","0","0","0","0","0","0","0","0","0","0","0.0%"
"258","Dennis Houston (TB)","0","0","0","0","0","0","0","0","0","0","0","0","0","0","1.0%"
"259","Bryce Ford-Wheaton (NYG)","0","0","0","0","0","0","0","0","0","0","0","0","0","0","1.1%"
"260","Johnny Wilson (PHI)","0","0","0","0","0","0","0","0","0","0","0","0","0","0","1.1%"
"261","Trey Palmer (NO)","0","0","0","0","0","0","0","0","0","0","0","0","0","0","1.0%"
"262","Xavier Hutchinson (HOU)","0","0","0","0","0","0","0","0","0","0","0","1","0.0","0.0","2.3%"
"263","Andrei Iosivas (CIN)","0","0","0","0","0","0","0","0","0","0","0","0","0","0","1.3%"
"264","Charlie Jones (CIN)","0","0","0","0","0","0","0","0","0","0","0","0","0","0","0.6%"
"265","Jake Bobo (SEA)","0","0","0","0","0","0","0","0","0","0","0","0","0","0","0.8%"
"266","Jalin Hyatt (NYG)","0","0","0","0","0","0","0","0","0","0","0","0","0","0","1.0%"
"267","Jalen Cropper (DAL)","0","0","0","0","0","0","0","0","0","0","0","0","0","0","0.0%"
"268","Tank Dell (HOU)","0","0","0","0","0","0","0","0","0","0","0","0","0","0","1.9%"
"269","Malik Nabers (NYG)","0","0","0","0","0","0","0","0","0","0","0","0","0","0","31.9%"
"270","Jacob Cowing (SF)","0","0","0","0","0","0","0","0","0","0","0","0","0","0","1.0%"
"271","Maurice Alexander (CHI)","0","0","0","0","0","0","0","0","0","0","0","0","0","0","1.0%"
"272","Mike Evans (TB)","0","0","0","0","0","0","0","0","0","0","0","0","0","0","71.1%"
"273","Brandin Cooks (NO)","0","0","0","0","0","0","0","0","0","0","0","1","0.0","0.0","1.8%"
"274","Patrick Edwards (DET)","0","0","0","0","0","0","0","0","0","0","0","0","0","0","0.0%"
"275","Kenny McKinley (DEN)","0","0","0","0","0","0","0","0","0","0","0","0","0","0","0.0%"
"276","Nate Hughes (JAC)","0","0","0","0","0","0","0","0","0","0","0","0","0","0","0.0%"
"277","Marko Mitchell (MIN)","0","0","0","0","0","0","0","0","0","0","0","0","0","0","0.0%"
"278","Mike Furrey (WAS)","0","0","0","0","0","0","0","0","0","0","0","0","0","0","0.0%"
"279","Maurice Purify (CIN)","0","0","0","0","0","0","0","0","0","0","0","0","0","0","0.0%"
"280","Chris Henry (CIN)","0","0","0","0","0","0","0","0","0","0","0","0","0","0","0.0%"
"281","Bobby Wade (WAS)","0","0","0","0","0","0","0","0","0","0","0","0","0","0","0.0%"
"282","Rod Harper (PHI)","0","0","0","0","0","0","0","0","0","0","0","0","0","0","0.0%"
"283","Demario Ballard (DET)","0","0","0","0","0","0","0","0","0","0","0","0","0","0","0.0%"
"284","Sam Giguere (NYG)","0","0","0","0","0","0","0","0","0","0","0","0","0","0","0.0%"
"285","River Cracraft (WAS)","0","0","0","0","0","0","0","0","0","0","0","0","0","0","0.0%"
"286","Calvin Ridley (TEN)","0","0","0","0","0","0","0","0","0","0","0","0","0","0","50.3%"
"287","Marquez Valdes-Scantling (PIT)","0","0","0","0","0","0","0","0","0","0","0","0","0","0","0.7%"
"288","Ray-Ray McCloud III (NYG)","0","0","0","0","0","0","0","0","0","0","0","1","0.0","0.0","1.1%"
"289","Allen Lazard (NYJ)","0","0","0","0","0","0","0","0","0","0","0","0","0","0","0.8%"
"290","Cedrick Wilson Jr. (MIA)","0","0","0","0","0","0","0","0","0","0","0","1","0.0","0.0","1.1%"
"291","Dante Pettis (NO)","0","0","0","0","0","0","0","0","0","0","0","1","0.0","0.0","1.0%"
"292","DJ Moore (CHI)","4","0","0","0","0","0","0","0","0","0","0","1","0.0","0.0","86.5%"
"293","Braxton Berrios (HOU)","0","0","0","0","0","0","0","0","0","0","0","1","0.0","0.0","0.6%"
"294","David Moore (CAR)","0","0","0","0","0","0","0","0","0","0","0","0","0","0","0.8%"
"295","Jamal Agnew (ATL)","0","0","0","0","0","0","0","0","0","0","0","1","0.0","0.0","0.1%"
"296","Trent Taylor (SF)","0","0","0","0","0","0","0","0","0","0","0","0","0","0","0.0%"
"297","Tim Patrick (JAC)","0","0","0","0","0","0","0","0","0","0","0","1","0.0","0.0","1.1%"
"298","Hunter Renfrow (CAR)","0","0","0","0","0","0","0","0","0","0","0","0","0","0","1.0%"
"299","Malik Turner (SF)","0","0","0","0","0","0","0","0","0","0","0","0","0","0","0.0%"
"300","Marquise Brown (KC)","0","0","0","0","0","0","0","0","0","0","0","0","0","0","30.1%"
"301","Tyler Johnson (NYJ)","1","0","0","0","0","0","0","0","0","0","0","1","0.0","0.0","0.6%"
"302","Quinton Bell (MIA)","0","0","0","0","0","0","0","0","0","0","0","1","0.0","0.0","1.0%"
"303","Scotty Miller (PIT)","0","0","0","0","0","0","0","0","0","0","0","0","0","0","0.1%"
"304","Parris Campbell (DAL)","0","0","0","0","0","0","0","0","0","0","0","0","0","0","0.0%"
"305","Terry McLaurin (WAS)","0","0","0","0","0","0","0","0","0","0","0","0","0","0","88.9%"
"306","KaVontae Turpin (DAL)","0","0","0","0","0","0","0","0","0","0","0","0","0","0","3.7%"
"307","Lil'Jordan Humphrey (DEN)","0","0","0","0","0","0","0","0","0","0","0","0","0","0","0.7%"
"308","David Sills V (ATL)","1","0","0","0","0","0","0","0","0","0","0","1","0.0","0.0","0.0%"
"309","Mecole Hardman Jr. (BUF)","0","0","0","0","0","0","0","0","0","0","0","0","0","0","1.1%"
"310","KhaDarel Hodge (ATL)","0","0","0","0","0","0","0","0","0","0","0","1","0.0","0.0","1.2%"
"311","Justin Watson (HOU)","0","0","0","0","0","0","0","0","0","0","0","0","0","0","1.8%"
"312","Keith Kirkwood (BAL)","0","0","0","0","0","0","0","0","0","0","0","0","0","0","0.0%"
"313","Trent Sherfield Sr. (DEN)","0","0","0","0","0","0","0","0","0","0","0","1","0.0","0.0","0.0%"
"314","Russell Gage Jr. (SF)","0","0","0","0","0","0","0","0","0","0","0","0","0","0","0.0%"
"315","DeAndre Carter (CLE)","0","0","0","0","0","0","0","0","0","0","0","0","0","0","0.0%"
"316","Phillip Dorsett II (LV)","0","0","0","0","0","0","0","0","0","0","0","0","0","0","0.0%"
"317","Laquon Treadwell (IND)","0","0","0","0","0","0","0","0","0","0","0","1","0.0","0.0","0.0%"
"318","Josh Reynolds (NYJ)","0","0","0","0","0","0","0","0","0","0","0","0","0","0","2.1%"
"319","Zay Jones (ARI)","1","0","0","0","0","0","0","0","0","0","0","1","0.0","0.0","0.6%"
"320","Noah Brown (WAS)","0","0","0","0","0","0","0","0","0","0","0","0","0","0","0.9%"
"321","JuJu Smith-Schuster (KC)","0","0","0","0","0","0","0","0","0","0","0","0","0","0","2.5%"
"322","Chris Godwin Jr. (TB)","0","0","0","0","0","0","0","0","0","0","0","0","0","0","65.4%"
"323","Chris Moore (WAS)","0","0","0","0","0","0","0","0","0","0","0","1","0.0","0.0","1.5%"
"324","Tyreek Hill (MIA)","0","0","0","0","0","0","0","0","0","0","0","0","0","0","49.3%"
"325","John Metchie III (NYJ)","1","1","3","3.0","3","0","0","1","-7","0","0","1","-0.4","-0.4","0.8%"
"326","Myles Price (MIN)","0","0","0","0","0","0","0","0","0","0","1","1","-2.0","-2.0","0.6%"
"327","Ke'Shawn Williams (PIT)","0","0","0","0","0","0","0","0","0","0","1","1","-2.0","-2.0","0.0%"
""
""