"Rank","Player","ATT","YDS","Y/A","LG","20+","TD","REC","TGT","YDS","Y/R","TD","FL","G","FPTS","FPTS/G","ROST"
"1","Jahmyr Gibbs (DET)","15","116","7.7","45","1","2","4","4","44","11.0","0","0","1","28.0","28.0","99.6%"
"2","Saquon Barkley (PHI)","17","176","10.4","55","3","1","2","3","11","5.5","0","0","1","24.7","24.7","99.7%"
"3","Joe Mixon (HOU)","25","115","4.6","32","1","2","2","3","9","4.5","0","0","1","24.4","24.4","89.9%"
"4","Derrick Henry (BAL)","15","169","11.3","81","2","0","1","1","13","13.0","1","0","1","24.2","24.2","99.5%"
"5","Tank Bigsby (JAC)","26","118","4.5","13","0","2","0","1","0","0","0","0","1","23.8","23.8","64.5%"
"6","Javonte Williams (DAL)","14","88","6.3","20","1","2","3","3","23","7.7","0","0","1","23.1","23.1","71.3%"
"7","Rachaad White (TB)","10","40","4.0","8","0","0","6","6","71","11.8","2","0","1","23.1","23.1","54.2%"
"8","Kenneth Walker III (SEA)","14","69","4.9","20","1","1","2","2","24","12.0","1","0","1","21.3","21.3","96.5%"
"9","Kareem Hunt (KC)","22","78","3.5","13","0","2","2","2","5","2.5","0","0","1","20.3","20.3","16.8%"
"10","Bijan Robinson (ATL)","21","103","4.9","26","1","1","3","5","40","13.3","0","0","1","20.3","20.3","99.6%"
"11","Breece Hall (NYJ)","12","38","3.2","13","0","1","6","9","103","17.2","0","0","1","20.1","20.1","96.5%"
"12","Kyren Williams (LAR)","21","76","3.6","14","0","2","0","0","0","0","0","0","1","19.6","19.6","98.9%"
"13","Aaron Jones Sr. (MIN)","14","93","6.6","34","1","1","3","3","23","7.7","0","0","1","17.6","17.6","89.7%"
"14","Najee Harris (LAC)","21","102","4.9","34","1","1","0","1","0","0","0","0","1","16.2","16.2","54.3%"
"15","Josh Jacobs (GB)","12","76","6.3","27","1","0","5","5","16","3.2","1","0","1","15.2","15.2","99.4%"
"16","James Conner (ARI)","19","101","5.3","14","0","0","2","4","51","25.5","0","0","1","15.2","15.2","94.5%"
"17","Bucky Irving (TB)","9","23","2.6","6","0","1","3","3","54","18.0","0","0","1","13.7","13.7","99.4%"
"18","Brian Robinson Jr. (WAS)","12","71","5.9","11","0","1","0","0","0","0","0","0","1","13.1","13.1","84.9%"
"19","Alexander Mattison (MIA)","23","92","4.0","13","0","0","3","3","31","10.3","0","0","1","12.3","12.3","1.3%"
"20","Chuba Hubbard (CAR)","17","52","3.1","9","0","1","0","0","0","0","0","0","1","11.2","11.2","96.4%"
"21","Tyler Goodson (IND)","14","51","3.6","19","0","1","0","0","0","0","0","0","1","11.1","11.1","0.7%"
"22","Justice Hill (BAL)","5","4","0.8","3","0","0","3","3","44","14.7","1","0","1","10.8","10.8","12.4%"
"23","Ray Davis (BUF)","5","41","8.2","22","1","1","1","1","6","6.0","0","0","1","10.7","10.7","30.9%"
"24","JaMycal Hasty (NE)","2","-2","-1.0","2","0","0","5","5","49","9.8","1","0","1","10.7","10.7","1.1%"
"25","Nick Chubb (HOU)","11","22","2.0","5","0","1","1","3","10","10.0","0","0","1","9.2","9.2","49.1%"
"26","James Cook (BUF)","12","32","2.7","11","0","1","0","0","0","0","0","0","1","9.2","9.2","98.4%"
"27","De'Von Achane (MIA)","15","77","5.1","15","0","0","2","3","8","4.0","0","0","1","8.5","8.5","99.3%"
"28","D'Ernest Johnson (BAL)","9","38","4.2","10","0","0","3","4","32","10.7","0","0","1","7.0","7.0","1.0%"
"29","Jordan Mason (MIN)","14","58","4.1","26","1","0","2","2","11","5.5","0","0","1","6.9","6.9","74.3%"
"30","Kenneth Gainwell (PIT)","13","56","4.3","14","0","0","1","1","11","11.0","0","0","1","6.7","6.7","1.5%"
"31","J.K. Dobbins (DEN)","14","40","2.9","11","0","0","3","3","26","8.7","0","0","1","6.6","6.6","77.8%"
"32","Tony Pollard (TEN)","16","61","3.8","14","0","0","2","6","4","2.0","0","0","1","6.5","6.5","88.9%"
"33","Ty Johnson (BUF)","0","0","0","0","0","0","1","1","4","4.0","1","0","1","6.4","6.4","2.0%"
"34","Jaylen Warren (PIT)","12","44","3.7","10","0","0","2","3","15","7.5","0","0","1","5.9","5.9","83.3%"
"35","Chase Brown (CIN)","15","44","2.9","22","1","0","2","2","9","4.5","0","0","1","5.3","5.3","97.9%"
"36","David Montgomery (DET)","9","31","3.4","8","0","0","3","4","39","13.0","0","1","1","5.0","5.0","94.0%"
"37","Trey Sermon (PIT)","8","36","4.5","11","0","0","1","1","13","13.0","0","0","1","4.9","4.9","0.6%"
"38","Tyler Allgeier (ATL)","5","36","7.2","24","1","0","1","1","9","9.0","0","0","1","4.5","4.5","33.2%"
"39","Jeremy McNichols (WAS)","7","42","6.0","10","0","0","0","0","0","0","0","0","1","4.2","4.2","0.7%"
"40","Zack Moss (FA)","6","7","1.2","3","0","0","3","3","33","11.0","0","0","1","4.0","4.0","3.4%"
"41","Sean Tucker (TB)","5","29","5.8","15","0","0","1","2","9","9.0","0","0","1","3.8","3.8","5.1%"
"42","Kendre Miller (NO)","6","36","6.0","16","0","0","2","3","1","0.5","0","0","1","3.7","3.7","5.9%"
"43","Jaleel McLaughlin (DEN)","4","35","8.8","21","1","0","0","0","0","0","0","0","1","3.5","3.5","3.9%"
"44","Jaylen Wright (MIA)","5","33","6.6","19","0","0","0","0","0","0","0","0","1","3.3","3.3","23.2%"
"45","Tyrone Tracy Jr. (NYG)","6","23","3.8","8","0","0","3","3","9","3.0","0","0","1","3.2","3.2","85.0%"
"46","Raheem Mostert (LV)","11","50","4.5","14","0","0","0","0","0","0","0","1","1","3.0","3.0","6.3%"
"47","Samaje Perine (CIN)","2","6","3.0","3","0","0","1","1","22","22.0","0","0","1","2.8","2.8","2.0%"
"48","Miles Sanders (DAL)","3","34","11.3","26","1","0","1","2","-6","-6.0","0","0","1","2.8","2.8","6.4%"
"49","Zamir White (LV)","3","13","4.3","9","0","0","1","1","14","14.0","0","0","1","2.7","2.7","1.3%"
"50","Rhamondre Stevenson (NE)","7","18","2.6","11","0","0","2","3","7","3.5","0","0","1","2.5","2.5","73.9%"
"51","Julius Chestnut (TEN)","3","15","5.0","8","0","0","1","1","9","9.0","0","0","1","2.4","2.4","1.1%"
"52","Alvin Kamara (NO)","7","10","1.4","6","0","0","6","7","14","2.3","0","0","1","2.4","2.4","96.9%"
"53","Devin Singletary (NYG)","5","18","3.6","10","0","0","1","1","3","3.0","0","0","1","2.1","2.1","2.4%"
"54","Austin Ekeler (WAS)","4","17","4.3","6","0","0","2","2","3","1.5","0","0","1","2.0","2.0","54.3%"
"55","Kimani Vidal (LAC)","3","10","3.3","7","0","0","1","1","9","9.0","0","0","1","1.9","1.9","1.6%"
"56","Jamaal Williams (FA)","3","17","5.7","13","0","0","0","0","0","0","0","0","1","1.7","1.7","1.1%"
"57","Carson Steele (KC)","6","17","2.8","7","0","0","0","0","0","0","0","0","1","1.7","1.7","0.6%"
"58","Jase McClellan (TB)","5","17","3.4","6","0","0","0","0","0","0","0","0","1","1.7","1.7","1.0%"
"59","Pierre Strong Jr. (CLE)","3","6","2.0","4","0","0","1","3","9","9.0","0","0","1","1.5","1.5","0.7%"
"60","Will Shipley (PHI)","8","15","1.9","5","0","0","0","0","0","0","0","0","1","1.5","1.5","11.3%"
"61","Emari Demercado (ARI)","1","14","14.0","14","0","0","0","0","0","0","0","0","1","1.4","1.4","0.7%"
"62","Kyle Juszczyk (SF)","1","14","14.0","14","0","0","0","3","0","0","0","0","1","1.4","1.4","0.9%"
"63","Antonio Gibson (NE)","3","4","1.3","3","0","0","1","1","9","9.0","0","0","1","1.3","1.3","2.4%"
"64","Isaiah Davis (NYJ)","1","12","12.0","12","0","0","0","0","0","0","0","0","1","1.2","1.2","2.0%"
"65","Emanuel Wilson (GB)","5","11","2.2","5","0","0","0","0","0","0","0","0","1","1.1","1.1","1.8%"
"66","Blake Corum (LAR)","3","11","3.7","5","0","0","0","0","0","0","0","0","1","1.1","1.1","13.1%"
"67","Zach Charbonnet (SEA)","7","14","2.0","7","0","0","1","1","-5","-5.0","0","0","1","0.9","0.9","70.9%"
"68","Audric Estime (DEN)","5","29","5.8","13","0","0","0","0","0","0","0","1","1","0.9","0.9","2.6%"
"69","Eric Gray (NYG)","1","2","2.0","2","0","0","1","1","7","7.0","0","0","1","0.9","0.9","0.6%"
"70","Isaac Guerendo (SF)","1","2","2.0","2","0","0","1","1","5","5.0","0","0","1","0.7","0.7","34.0%"
"71","Braelon Allen (NYJ)","2","4","2.0","3","0","0","1","1","2","2.0","0","0","1","0.6","0.6","29.4%"
"72","Dare Ogunbowale (HOU)","1","6","6.0","6","0","0","0","1","0","0","0","0","1","0.6","0.6","0.7%"
"73","Kenny McIntosh (SEA)","1","5","5.0","5","0","0","0","0","0","0","0","0","1","0.5","0.5","0.6%"
"74","D'Onta Foreman (FA)","2","5","2.5","5","0","0","0","0","0","0","0","0","1","0.5","0.5","2.7%"
"75","Alec Ingold (MIA)","2","-1","-0.5","0","0","0","1","1","25","25.0","0","1","1","0.4","0.4","0.6%"
"76","Ty Chandler (MIN)","2","4","2.0","3","0","0","0","0","0","0","0","0","1","0.4","0.4","1.0%"
"77","Dameon Pierce (HOU)","2","2","1.0","2","0","0","0","0","0","0","0","0","1","0.2","0.2","3.5%"
"78","Hassan Haskins (LAC)","2","2","1.0","2","0","0","0","0","0","0","0","0","1","0.2","0.2","1.1%"
"79","Elijah Mitchell (KC)","0","0","0","0","0","0","0","0","0","0","0","0","0","0","0","3.2%"
"80","Javian Hawkins (TEN)","0","0","0","0","0","0","0","0","0","0","0","0","0","0","0","0.0%"
"81","Khalil Herbert (IND)","0","0","0","0","0","0","0","0","0","0","0","0","0","0","0","1.8%"
"82","Michael Carter (ARI)","0","0","0","0","0","0","0","0","0","0","0","0","0","0","0","1.1%"
"83","Keilan Robinson (PHI)","0","0","0","0","0","0","0","0","0","0","0","0","0","0","0","0.0%"
"84","Rico Dowdle (CAR)","0","0","0","0","0","0","0","0","0","0","0","0","0","0","0","20.2%"
"85","Reggie Gilliam (BUF)","0","0","0","0","0","0","0","0","0","0","0","0","0","0","0","0.0%"
"86","Deon Jackson (DET)","0","0","0","0","0","0","0","0","0","0","0","0","0","0","0","0.0%"
"87","Jermar Jefferson (TEN)","0","0","0","0","0","0","0","0","0","0","0","0","0","0","0","0.6%"
"88","Jonathan Ward (NYG)","0","0","0","0","0","0","0","0","0","0","0","0","1","0.0","0.0","0.0%"
"89","Clyde Edwards-Helaire (NO)","0","0","0","0","0","0","0","0","0","0","0","0","0","0","0","0.9%"
"90","Cam Akers (NO)","0","0","0","0","0","0","0","0","0","0","0","0","1","0.0","0.0","0.7%"
"91","Travis Etienne Jr. (JAC)","0","0","0","0","0","0","0","0","0","0","0","0","0","0","0","81.0%"
"92","Jonathan Taylor (IND)","0","0","0","0","0","0","0","0","0","0","0","0","0","0","0","99.2%"
"93","D'Andre Swift (CHI)","0","0","0","0","0","0","0","0","0","0","0","0","0","0","0","90.5%"
"94","Ke'Shawn Vaughn (SF)","0","0","0","0","0","0","0","0","0","0","0","0","0","0","0","0.0%"
"95","Craig Reynolds (DET)","0","0","0","0","0","0","0","0","0","0","0","0","1","0.0","0.0","0.7%"
"96","A.J. Dillon (PHI)","0","0","0","0","0","0","0","0","0","0","0","0","0","0","0","2.4%"
"97","Patrick Taylor Jr. (SF)","0","0","0","0","0","0","0","0","0","0","0","0","0","0","0","0.7%"
"98","DeeJay Dallas (ARI)","0","0","0","0","0","0","0","0","0","0","0","0","1","0.0","0.0","0.1%"
"99","Salvon Ahmed (IND)","0","0","0","0","0","0","0","0","0","0","0","0","0","0","0","0.0%"
"100","Darrynton Evans (BUF)","0","0","0","0","0","0","0","0","0","0","0","0","0","0","0","0.0%"
"101","Raheem Blackshear (CAR)","0","0","0","0","0","0","0","0","0","0","0","0","1","0.0","0.0","0.8%"
"102","George Holani (SEA)","0","0","0","0","0","0","0","0","0","0","0","0","0","0","0","0.1%"
"103","Jaret Patterson (LAC)","0","0","0","0","0","0","0","0","0","0","0","0","0","0","0","0.0%"
"104","Demetric Felton Jr. (WAS)","0","0","0","0","0","0","0","0","0","0","0","0","0","0","0","0.0%"
"105","Deuce Vaughn (DAL)","0","0","0","0","0","0","0","0","0","0","0","0","0","0","0","0.6%"
"106","Dylan Laube (LV)","0","0","0","0","0","0","0","0","0","0","0","0","0","0","0","0.6%"
"107","Ashton Jeanty (LV)","0","0","0","0","0","0","0","0","0","0","0","0","0","0","0","99.4%"
"108","Ollie Gordon II (MIA)","0","0","0","0","0","0","0","0","0","0","0","0","0","0","0","11.2%"
"109","Rasheen Ali (BAL)","0","0","0","0","0","0","0","0","0","0","0","0","0","0","0","0.6%"
"110","Frank Gore Jr. (BUF)","0","0","0","0","0","0","0","0","0","0","0","0","0","0","0","0.6%"
"111","Jonathon Brooks (CAR)","0","0","0","0","0","0","0","0","0","0","0","0","0","0","0","1.6%"
"112","Tahj Brooks (CIN)","0","0","0","0","0","0","0","0","0","0","0","0","0","0","0","5.3%"
"113","Chris Collier (LV)","0","0","0","0","0","0","0","0","0","0","0","0","1","0.0","0.0","0.0%"
"114","Colson Yankoff (WAS)","0","0","0","0","0","0","0","0","0","0","0","0","1","0.0","0.0","1.1%"
"115","Dante Miller (NYG)","0","0","0","0","0","0","0","0","0","0","0","0","0","0","0","0.0%"
"116","Jordan Waters (LAR)","0","0","0","0","0","0","0","0","0","0","0","0","0","0","0","0.0%"
"117","Cody Schrader (LAR)","0","0","0","0","0","0","0","0","0","0","0","0","0","0","0","1.0%"
"118","Blake Watson (DEN)","0","0","0","0","0","0","0","0","0","0","0","0","0","0","0","1.1%"
"119","Michael Wiley (KC)","0","0","0","0","0","0","0","0","0","0","0","0","0","0","0","0.0%"
"120","Emani Bailey (CAR)","0","0","0","0","0","0","0","0","0","0","0","0","0","0","0","0.0%"
"121","Jawhar Jordan (HOU)","0","0","0","0","0","0","0","0","0","0","0","0","0","0","0","0.0%"
"122","Sione Vaki (DET)","0","0","0","0","0","0","0","0","0","0","0","0","1","0.0","0.0","0.6%"
"123","Damien Martinez (SEA)","0","0","0","0","0","0","0","0","0","0","0","0","0","0","0","2.4%"
"124","Ian Wheeler (CHI)","0","0","0","0","0","0","0","0","0","0","0","0","0","0","0","0.0%"
"125","Lew Nichols III (PIT)","0","0","0","0","0","0","0","0","0","0","0","0","0","0","0","1.7%"
"126","Scott Matlock (LAC)","0","0","0","0","0","0","0","0","0","0","0","0","1","0.0","0.0","17.0%"
"127","Elijah Dotson (ATL)","0","0","0","0","0","0","0","0","0","0","0","0","0","0","0","0.0%"
"128","Omarion Hampton (LAC)","0","0","0","0","0","0","0","0","0","0","0","0","0","0","0","96.4%"
"129","Kazmeir Allen (WAS)","0","0","0","0","0","0","0","0","0","0","0","0","0","0","0","1.0%"
"130","Hunter Luepke (DAL)","0","0","0","0","0","0","0","0","0","0","0","0","0","0","0","0.7%"
"131","Owen Wright (TB)","0","0","0","0","0","0","0","0","0","0","0","0","0","0","0","0.0%"
"132","Chris Brooks (GB)","0","0","0","0","0","0","0","0","0","0","0","0","1","0.0","0.0","0.8%"
"133","Jordan Mims (TEN)","0","0","0","0","0","0","0","0","0","0","0","0","0","0","0","0.0%"
"134","Deneric Prince (NE)","0","0","0","0","0","0","0","0","0","0","0","0","0","0","0","0.0%"
"135","Zavier Scott (MIN)","0","0","0","0","0","0","0","0","0","0","0","0","0","0","0","0.0%"
"136","Brady Russell (SEA)","0","0","0","0","0","0","0","0","0","0","0","0","1","0.0","0.0","0.0%"
"137","Ben VanSumeren (PHI)","0","0","0","0","0","0","0","0","0","0","0","0","1","0.0","0.0","1.4%"
"138","Jacob Saylors (DET)","0","0","0","0","0","0","0","0","0","0","0","0","0","0","0","0.0%"
"139","Carlos Washington Jr. (ATL)","0","0","0","0","0","0","0","0","0","0","0","0","0","0","0","0.0%"
"140","Trevor Etienne (CAR)","0","0","0","0","0","0","0","0","0","0","0","0","0","0","0","3.9%"
"141","Lan Larison (NE)","0","0","0","0","0","0","0","0","0","0","0","0","0","0","0","1.1%"
"142","Robbie Ouzts (SEA)","0","0","0","0","0","0","0","0","0","0","0","0","0","0","0","0.1%"
"143","Josh Williams (TB)","0","0","0","0","0","0","0","0","0","0","0","0","0","0","0","0.0%"
"144","Micah Bernard (NE)","0","0","0","0","0","0","0","0","0","0","0","0","0","0","0","0.0%"
"145","Tre Stewart (MIN)","0","0","0","0","0","0","0","0","0","0","0","0","0","0","0","0.0%"
"146","Woody Marks (HOU)","0","0","0","0","0","0","0","0","0","0","0","0","0","0","0","9.2%"
"147","Ahmani Marshall (CLE)","0","0","0","0","0","0","0","0","0","0","0","0","0","0","0","0.0%"
"148","Quali Conley (CIN)","0","0","0","0","0","0","0","0","0","0","0","0","0","0","0","0.0%"
"149","Toa Taua (CLE)","0","0","0","0","0","0","0","0","0","0","0","0","0","0","0","0.0%"
"150","Lucas Scott (BAL)","0","0","0","0","0","0","0","0","0","0","0","0","0","0","0","0.0%"
"151","Max Hurleman (PIT)","0","0","0","0","0","0","0","0","0","0","0","0","0","0","0","0.0%"
"152","ShunDerrick Powell (PHI)","0","0","0","0","0","0","0","0","0","0","0","0","0","0","0","0.0%"
"153","Deion Hankins (CHI)","0","0","0","0","0","0","0","0","0","0","0","0","0","0","0","0.0%"
"154","Elijah Young (BUF)","0","0","0","0","0","0","0","0","0","0","0","0","0","0","0","0.0%"
"155","Jacardia Wright (SEA)","0","0","0","0","0","0","0","0","0","0","0","0","0","0","0","0.0%"
"156","Brock Lampe (NE)","0","0","0","0","0","0","0","0","0","0","0","0","0","0","0","0.0%"
"157","Kayron Lynch-Adams (CAR)","0","0","0","0","0","0","0","0","0","0","0","0","0","0","0","0.0%"
"158","Jalen White (GB)","0","0","0","0","0","0","0","0","0","0","0","0","0","0","0","0.0%"
"159","Kye Robichaux (DET)","0","0","0","0","0","0","0","0","0","0","0","0","0","0","0","0.0%"
"160","Anthony Tyus III (SEA)","0","0","0","0","0","0","0","0","0","0","0","0","0","0","0","0.0%"
"161","Amar Johnson (GB)","0","0","0","0","0","0","0","0","0","0","0","0","0","0","0","0.0%"
"162","Nathan Carter (ATL)","0","0","0","0","0","0","0","0","0","0","0","0","0","0","0","0.0%"
"163","Montrell Johnson Jr. (PHI)","0","0","0","0","0","0","0","0","0","0","0","0","0","0","0","1.3%"
"164","Kaleb Johnson (PIT)","0","0","0","0","0","0","0","0","0","0","0","0","0","0","0","87.1%"
"165","RJ Harvey (DEN)","0","0","0","0","0","0","0","0","0","0","0","0","0","0","0","90.3%"
"166","Kyle Monangai (CHI)","0","0","0","0","0","0","0","0","0","0","0","0","0","0","0","7.1%"
"167","Dylan Sampson (CLE)","0","0","0","0","0","0","0","0","0","0","0","0","0","0","0","28.8%"
"168","DJ Giddens (IND)","0","0","0","0","0","0","0","0","0","0","0","0","0","0","0","6.6%"
"169","Kalel Mullings (TEN)","0","0","0","0","0","0","0","0","0","0","0","0","0","0","0","1.3%"
"170","Terrell Jennings (NE)","0","0","0","0","0","0","0","0","0","0","0","0","0","0","0","0.0%"
"171","Brashard Smith (KC)","0","0","0","0","0","0","0","0","0","0","0","0","0","0","0","6.2%"
"172","British Brooks (HOU)","0","0","0","0","0","0","0","0","0","0","0","0","0","0","0","0.0%"
"173","Cam Skattebo (NYG)","0","0","0","0","0","0","0","0","0","0","0","0","0","0","0","77.4%"
"174","Nate Noel (IND)","0","0","0","0","0","0","0","0","0","0","0","0","0","0","0","0.0%"
"175","LeQuint Allen Jr. (JAC)","0","0","0","0","0","0","0","0","0","0","0","0","0","0","0","0.9%"
"176","Jacory Croskey-Merritt (WAS)","0","0","0","0","0","0","0","0","0","0","0","0","0","0","0","27.7%"
"177","Jordan James (SF)","0","0","0","0","0","0","0","0","0","0","0","0","0","0","0","4.7%"
"178","Bhayshul Tuten (JAC)","0","0","0","0","0","0","0","0","0","0","0","0","0","0","0","34.5%"
"179","Marcus Yarns (NO)","0","0","0","0","0","0","0","0","0","0","0","0","0","0","0","1.0%"
"180","Jerome Ford (CLE)","0","0","0","0","0","0","0","0","0","0","0","0","0","0","0","40.1%"
"181","Gary Brightwell (CIN)","0","0","0","0","0","0","0","0","0","0","0","0","0","0","0","0.0%"
"182","Avery Williams (PHI)","0","0","0","0","0","0","0","0","0","0","0","0","1","0.0","0.0","0.6%"
"183","Kene Nwangwu (NYJ)","0","0","0","0","0","0","0","0","0","0","0","0","0","0","0","0.0%"
"184","Sincere McCormick (LV)","0","0","0","0","0","0","0","0","0","0","0","0","0","0","0","0.8%"
"185","Ja'Quinden Jackson (JAC)","0","0","0","0","0","0","0","0","0","0","0","0","0","0","0","1.0%"
"186","Keaontay Ingram (KC)","0","0","0","0","0","0","0","0","0","0","0","0","0","0","0","0.0%"
"187","Devin Neal (NO)","0","0","0","0","0","0","0","0","0","0","0","0","0","0","0","6.3%"
"188","Adam Prentice (DEN)","0","0","0","0","0","0","0","0","0","0","0","0","1","0.0","0.0","0.0%"
"189","Tyrion Davis-Price (GB)","0","0","0","0","0","0","0","0","0","0","0","0","0","0","0","0.0%"
"190","Donovan Edwards (NYJ)","0","0","0","0","0","0","0","0","0","0","0","0","0","0","0","0.6%"
"191","Chris Rodriguez Jr. (WAS)","0","0","0","0","0","0","0","0","0","0","0","0","0","0","0","2.4%"
"192","Kendall Milton (CIN)","0","0","0","0","0","0","0","0","0","0","0","0","0","0","0","0.0%"
"193","Lawrance Toafili (NYJ)","0","0","0","0","0","0","0","0","0","0","0","0","0","0","0","0.0%"
"194","Jashaun Corbin (ATL)","0","0","0","0","0","0","0","0","0","0","0","0","0","0","0","0.0%"
"195","Phil Mafah (DAL)","0","0","0","0","0","0","0","0","0","0","0","0","0","0","0","1.3%"
"196","MarShawn Lloyd (GB)","0","0","0","0","0","0","0","0","0","0","0","0","0","0","0","8.4%"
"197","Kevin Harris (JAC)","0","0","0","0","0","0","0","0","0","0","0","0","0","0","0","0.0%"
"198","Ulysses Bentley IV (IND)","0","0","0","0","0","0","0","0","0","0","0","0","0","0","0","0.0%"
"199","TreVeyon Henderson (NE)","0","0","0","0","0","0","0","0","0","0","0","0","0","0","0","91.7%"
"200","Chris Tyree (NO)","0","0","0","0","0","0","0","0","0","0","0","0","0","0","0","0.0%"
"201","Quinshon Judkins (CLE)","0","0","0","0","0","0","0","0","0","0","0","0","0","0","0","76.7%"
"202","Troy Hairston II (FA)","0","0","0","0","0","0","0","0","0","0","0","0","1","0.0","0.0","1.1%"
"203","Zonovan Knight (ARI)","0","0","0","0","0","0","0","0","0","0","0","0","0","0","0","0.0%"
"204","Aaron Shampklin (MIA)","0","0","0","0","0","0","0","0","0","0","0","0","0","0","0","1.1%"
"205","Brittain Brown (CHI)","0","0","0","0","0","0","0","0","0","0","0","0","0","0","0","1.2%"
"206","Trey Benson (ARI)","0","0","0","0","0","0","0","0","0","0","0","0","1","0.0","0.0","41.1%"
"207","Keaton Mitchell (BAL)","0","0","0","0","0","0","0","0","0","0","0","0","0","0","0","7.5%"
"208","Xazavian Valladay (MIN)","0","0","0","0","0","0","0","0","0","0","0","0","0","0","0","1.1%"
"209","Evan Hull (PIT)","0","0","0","0","0","0","0","0","0","0","0","0","0","0","0","1.2%"
"210","Tyjae Spears (TEN)","0","0","0","0","0","0","0","0","0","0","0","0","0","0","0","54.0%"
"211","Roschon Johnson (CHI)","0","0","0","0","0","0","0","0","0","0","0","0","0","0","0","13.6%"
"212","Velus Jones Jr. (NO)","0","0","0","0","0","0","0","0","0","0","0","0","0","0","0","0.0%"
"213","Malik Davis (DAL)","0","0","0","0","0","0","0","0","0","0","0","0","0","0","0","1.1%"
"214","Ronnie Rivers (LAR)","0","0","0","0","0","0","0","0","0","0","0","0","1","0.0","0.0","1.1%"
"215","Tyler Badie (DEN)","0","0","0","0","0","0","0","0","0","0","0","0","0","0","0","0.7%"
"216","Isiah Pacheco (KC)","0","0","0","0","0","0","0","0","0","0","0","0","0","0","0","91.6%"
"217","Jarquez Hunter (LAR)","0","0","0","0","0","0","0","0","0","0","0","0","0","0","0","6.0%"
"218","Israel Abanikanda (GB)","0","0","0","0","0","0","0","0","0","0","0","0","0","0","0","2.7%"
"219","Raheim Sanders (LAC)","0","0","0","0","0","0","0","0","0","0","0","0","0","0","0","1.0%"
"220","Jaydon Blue (DAL)","0","0","0","0","0","0","0","0","0","0","0","0","0","0","0","41.4%"
"221","Nay'Quan Wright (IND)","0","0","0","0","0","0","0","0","0","0","0","0","0","0","0","0.0%"
"222","Jakob Johnson (HOU)","0","0","0","0","0","0","0","0","0","0","0","0","0","0","0","0.0%"
"223","Shane Bannon (KC)","0","0","0","0","0","0","0","0","0","0","0","0","0","0","0","0.0%"
"224","Jay Finley (CIN)","0","0","0","0","0","0","0","0","0","0","0","0","0","0","0","0.0%"
"225","Willie Carter (CHI)","0","0","0","0","0","0","0","0","0","0","0","0","0","0","0","0.0%"
"226","Tim Flanders (NO)","0","0","0","0","0","0","0","0","0","0","0","0","0","0","0","0.0%"
"227","Kenny Irons (CIN)","0","0","0","0","0","0","0","0","0","0","0","0","0","0","0","0.0%"
"228","Chad Simpson (WAS)","0","0","0","0","0","0","0","0","0","0","0","0","0","0","0","0.0%"
"229","Anthony Alridge (WAS)","0","0","0","0","0","0","0","0","0","0","0","0","0","0","0","0.0%"
"230","Dantrell Savage (CAR)","0","0","0","0","0","0","0","0","0","0","0","0","0","0","0","0.0%"
"231","Xavier Omon (SF)","0","0","0","0","0","0","0","0","0","0","0","0","0","0","0","0.0%"
"232","Garrett Mills (NE)","0","0","0","0","0","0","0","0","0","0","0","0","0","0","0","0.0%"
"233","Madison Hedgecock (NYG)","0","0","0","0","0","0","0","0","0","0","0","0","0","0","0","0.0%"
"234","Samkon Gado (TEN)","0","0","0","0","0","0","0","0","0","0","0","0","0","0","0","0.0%"
"235","Patrick Ricard (BAL)","0","0","0","0","0","0","0","1","0","0","0","0","1","0.0","0.0","0.8%"
"236","Nyheim Miller-Hines (LAC)","0","0","0","0","0","0","0","0","0","0","0","0","0","0","0","0.0%"
"237","Royce Freeman (CHI)","0","0","0","0","0","0","0","0","0","0","0","0","0","0","0","0.0%"
"238","Myles Gaskin (BAL)","0","0","0","0","0","0","0","0","0","0","0","0","0","0","0","0.0%"
"239","Christian McCaffrey (SF)","0","0","0","0","0","0","0","0","0","0","0","0","0","0","0","99.5%"
"240","Taquan Mizzell (NYG)","0","0","0","0","0","0","0","0","0","0","0","0","0","0","0","0.0%"
"241","Trayveon Williams (CLE)","0","0","0","0","0","0","0","0","0","0","0","0","0","0","0","0.0%"
"242","Andrew Beck (NYJ)","0","0","0","0","0","0","0","0","0","0","0","0","0","0","0","0.0%"
"243","Mike Weber (NYG)","0","0","0","0","0","0","0","0","0","0","0","0","0","0","0","1.0%"
"244","Travis Homer (CHI)","0","0","0","0","0","0","0","0","0","0","0","0","0","0","0","0.6%"
"245","Mike Boone (MIA)","0","0","0","0","0","0","0","0","0","0","0","0","0","0","0","1.0%"
"246","Jeff Wilson Jr. (SF)","0","0","0","0","0","0","0","0","0","0","0","0","0","0","0","1.0%"
"247","C.J. Ham (MIN)","0","0","0","0","0","0","0","0","0","0","0","0","1","0.0","0.0","0.6%"
"248","Brennan Clay (DEN)","0","0","0","0","0","0","0","0","0","0","0","0","0","0","0","0.0%"
"249","Michael Burton (DEN)","0","0","0","0","0","0","0","0","0","0","0","0","1","0.0","0.0","0.1%"
"250","Shane Watts (NE)","0","0","0","0","0","0","0","0","0","0","0","0","0","0","0","0.0%"
""
""