"Rank","Player","REC","TGT","YDS","Y/R","LG","20+","TD","ATT","YDS","TD","FL","G","FPTS","FPTS/G","ROST"
"1","Dallas Goedert (PHI)","10","11","170","17.0","61","4","0","0","0","0","0","1","17.0","17.0","77.1%"
"2","Cole Kmet (CHI)","10","11","97","9.7","19","0","1","0","0","0","0","1","15.7","15.7","7.2%"
"3","Dalton Kincaid (BUF)","3","5","41","13.7","28","1","1","0","0","0","0","1","10.1","10.1","78.3%"
"4","Jake Ferguson (DAL)","6","11","95","15.8","26","2","0","0","0","0","0","1","9.5","9.5","69.2%"
"5","Tyler Conklin (LAC)","5","6","93","18.6","22","3","0","0","0","0","0","1","9.3","9.3","3.5%"
"6","Brenton Strange (JAC)","2","5","12","6.0","6","0","1","0","0","0","0","1","7.2","7.2","22.6%"
"7","Nick Vannett (MIN)","2","2","9","4.5","8","0","1","0","0","0","0","1","6.9","6.9","0.0%"
"8","Johnny Mundt (JAC)","1","3","2","2.0","2","0","1","0","0","0","0","1","6.2","6.2","0.1%"
"9","Noah Fant (CIN)","6","6","60","10.0","16","0","0","0","0","0","0","1","6.0","6.0","4.2%"
"10","Kyle Pitts Sr. (ATL)","2","5","59","29.5","50","1","0","0","0","0","0","1","5.9","5.9","68.2%"
"11","Mike Gesicki (CIN)","4","5","47","11.8","17","0","0","0","0","0","0","1","4.7","4.7","15.2%"
"12","Josh Whyle (TEN)","4","5","43","10.8","23","1","0","0","0","0","0","1","4.3","4.3","0.6%"
"13","Brock Bowers (LV)","3","4","41","13.7","21","1","0","0","0","0","0","1","4.1","4.1","99.6%"
"14","Eric Saubert (SEA)","2","2","41","20.5","17","0","0","0","0","0","0","1","4.1","4.1","1.8%"
"15","Kylen Granson (PHI)","1","1","40","40.0","40","1","0","0","0","0","0","1","4.0","4.0","1.2%"
"16","Zach Ertz (WAS)","5","5","38","7.6","12","0","0","0","0","0","0","1","3.8","3.8","43.6%"
"17","Sam LaPorta (DET)","2","2","36","18.0","24","1","0","0","0","0","0","1","3.6","3.6","98.7%"
"18","Brock Wright (DET)","4","5","34","8.5","11","0","0","0","0","0","0","1","3.4","3.4","0.6%"
"19","Pat Freiermuth (PIT)","4","5","33","8.3","15","0","0","0","0","0","0","1","3.3","3.3","18.8%"
"20","Charlie Kolar (BAL)","1","1","30","30.0","30","1","0","0","0","0","0","1","3.0","3.0","0.1%"
"21","Travis Kelce (KC)","4","5","30","7.5","17","0","0","0","0","0","0","1","3.0","3.0","97.0%"
"22","Tommy Tremble (CAR)","3","3","29","9.7","20","1","0","0","0","0","0","1","2.9","2.9","0.6%"
"23","Jordan Akins (FA)","4","7","29","7.3","10","0","0","0","0","0","0","1","2.9","2.9","1.0%"
"24","Cade Otton (TB)","7","8","47","6.7","13","0","0","0","0","0","1","1","2.7","2.7","16.9%"
"25","Trey McBride (ARI)","3","6","25","8.3","9","0","0","0","0","0","0","1","2.5","2.5","99.4%"
"26","Julian Hill (MIA)","2","2","24","12.0","13","0","0","0","0","0","0","1","2.4","2.4","0.6%"
"27","Tucker Kraft (GB)","2","3","24","12.0","21","1","0","0","0","0","0","1","2.4","2.4","83.6%"
"28","Erick All Jr. (CIN)","4","4","22","5.5","8","0","0","0","0","0","0","1","2.2","2.2","0.6%"
"29","Colby Parkinson (LAR)","3","5","21","7.0","9","0","0","0","0","0","0","1","2.1","2.1","0.6%"
"30","Austin Hooper (NE)","1","4","19","19.0","19","0","0","0","0","0","0","1","1.9","1.9","1.5%"
"31","Will Dissly (LAC)","3","3","19","6.3","7","0","0","0","0","0","0","1","1.9","1.9","2.2%"
"32","Jonnu Smith (PIT)","2","3","18","9.0","13","0","0","0","0","0","0","1","1.8","1.8","54.3%"
"33","Daniel Bellinger (NYG)","1","1","17","17.0","17","0","0","0","0","0","0","1","1.7","1.7","0.6%"
"34","Chig Okonkwo (TEN)","2","2","15","7.5","8","0","0","0","0","0","0","1","1.5","1.5","19.0%"
"35","Hayden Hurst (FA)","2","2","15","7.5","8","0","0","0","0","0","0","1","1.5","1.5","1.3%"
"36","Jeremy Ruckert (NYJ)","2","2","15","7.5","11","0","0","0","0","0","0","1","1.5","1.5","0.7%"
"37","AJ Barner (SEA)","3","3","13","4.3","8","0","0","0","0","0","0","1","1.3","1.3","2.6%"
"38","Adam Trautman (DEN)","1","1","13","13.0","13","0","0","0","0","0","0","1","1.3","1.3","0.7%"
"39","Noah Gray (KC)","1","2","13","13.0","13","0","0","0","0","0","0","1","1.3","1.3","4.8%"
"40","Theo Johnson (NYG)","1","3","13","13.0","13","0","0","0","0","0","0","1","1.3","1.3","6.6%"
"41","Dalton Schultz (HOU)","2","5","11","5.5","8","0","0","0","0","0","0","1","1.1","1.1","9.8%"
"42","Elijah Higgins (ARI)","1","1","11","11.0","11","0","0","0","0","0","0","1","1.1","1.1","0.6%"
"43","Pharaoh Brown (MIA)","1","2","9","9.0","9","0","0","0","0","0","0","1","0.9","0.9","0.1%"
"44","Hunter Henry (NE)","2","3","9","4.5","9","0","0","0","0","0","0","1","0.9","0.9","45.3%"
"45","Josiah Deguara (ARI)","1","1","8","8.0","8","0","0","0","0","0","0","1","0.8","0.8","0.0%"
"46","Payne Durham (TB)","1","1","8","8.0","8","0","0","0","0","0","0","1","0.8","0.8","0.6%"
"47","Dawson Knox (BUF)","1","2","7","7.0","7","0","0","0","0","0","0","1","0.7","0.7","2.1%"
"48","Michael Mayer (LV)","1","3","7","7.0","7","0","0","0","0","0","0","1","0.7","0.7","3.2%"
"49","Nate Adkins (DEN)","1","1","6","6.0","6","0","0","0","0","0","0","1","0.6","0.6","1.0%"
"50","Luke Schoonmaker (DAL)","1","2","5","5.0","5","0","0","0","0","0","0","1","0.5","0.5","1.4%"
"51","Isaiah Likely (BAL)","1","1","4","4.0","4","0","0","0","0","0","0","1","0.4","0.4","27.6%"
"52","Durham Smythe (CHI)","1","2","3","3.0","3","0","0","0","0","0","0","1","0.3","0.3","0.6%"
"53","Luke Musgrave (GB)","1","1","3","3.0","3","0","0","0","0","0","0","1","0.3","0.3","2.6%"
"54","Foster Moreau (NO)","1","2","2","2.0","2","0","0","0","0","0","0","1","0.2","0.2","0.7%"
"55","Connor Heyward (PIT)","1","1","2","2.0","2","0","0","0","0","0","0","1","0.2","0.2","0.0%"
"56","Tanner Conner (MIA)","1","2","1","1.0","1","0","0","0","0","0","0","1","0.1","0.1","1.0%"
"57","Luke Farrell (SF)","1","2","1","1.0","1","0","0","0","0","0","0","1","0.1","0.1","0.6%"
"58","Dominique Dafney (CAR)","0","0","0","0","0","0","0","0","0","0","0","0","0","0","0.0%"
"59","Hunter Long (JAC)","0","0","0","0","0","0","0","0","0","0","0","1","0.0","0.0","0.0%"
"60","Kenny Yeboah (DET)","0","0","0","0","0","0","0","0","0","0","0","0","0","0","0.0%"
"61","Quintin Morris (JAC)","0","0","0","0","0","0","0","0","0","0","0","0","0","0","1.4%"
"62","John Bates (WAS)","0","0","0","0","0","0","0","0","0","0","0","1","0.0","0.0","0.6%"
"63","Jalin Conyers (MIA)","0","0","0","0","0","0","0","0","0","0","0","0","0","0","1.2%"
"64","Jake Briningstool (KC)","0","0","0","0","0","0","0","0","0","0","0","0","0","0","0.0%"
"65","Darnell Washington (PIT)","0","0","0","0","0","0","0","0","0","0","0","1","0.0","0.0","1.1%"
"66","Luke Lachey (HOU)","0","0","0","0","0","0","0","0","0","0","0","0","0","0","1.1%"
"67","Elijah Arroyo (SEA)","0","0","0","0","0","0","0","0","0","0","0","0","0","0","12.1%"
"68","Dalton Keene (HOU)","0","0","0","0","0","0","0","0","0","0","0","0","0","0","0.0%"
"69","Juwan Johnson (NO)","0","0","0","0","0","0","0","0","0","0","0","1","0.0","0.0","6.2%"
"70","Mitchell Wilcox (MIA)","0","0","0","0","0","0","0","0","0","0","0","0","0","0","0.0%"
"71","Harrison Bryant (HOU)","0","0","0","0","0","0","0","0","0","0","0","0","0","0","0.0%"
"72","Scotty Washington (BAL)","0","0","0","0","0","0","0","0","0","0","0","0","0","0","0.0%"
"73","Giovanni Ricci (MIN)","0","0","0","0","0","0","0","0","0","0","0","0","0","0","0.0%"
"74","Sean McKeon (IND)","0","0","0","0","0","0","0","0","0","0","0","0","0","0","0.0%"
"75","Tyler Mabry (CAR)","0","0","0","0","0","0","0","0","0","0","0","0","0","0","0.0%"
"76","Lawrence Cager (WAS)","0","0","0","0","0","0","0","0","0","0","0","0","0","0","0.0%"
"77","Charlie Woerner (ATL)","0","0","0","0","0","0","0","0","0","0","0","1","0.0","0.0","0.1%"
"78","Donald Parham Jr. (PIT)","0","0","0","0","0","0","0","0","0","0","0","0","0","0","1.0%"
"79","Mitchell Fraboni (DEN)","0","0","0","0","0","0","0","0","0","0","0","0","0","0","0.0%"
"80","Stephen Carlson (CHI)","0","0","0","0","0","0","0","0","0","0","0","0","0","0","0.0%"
"81","Chris Myarick (MIA)","0","0","0","0","0","0","0","0","0","0","0","0","0","0","0.0%"
"82","Parker Hesse (FA)","0","0","0","0","0","0","0","0","0","0","0","1","0.0","0.0","0.0%"
"83","Matt Orzech (GB)","0","0","0","0","0","0","0","0","0","0","0","0","0","0","0.0%"
"84","Matt Sokol (BUF)","0","0","0","0","0","0","0","0","0","0","0","0","0","0","0.0%"
"85","Thomas Fidone II (NYG)","0","0","0","0","0","0","0","0","0","0","0","0","0","0","1.0%"
"86","Brevin Jordan (HOU)","0","0","0","0","0","0","0","0","0","0","0","0","0","0","1.0%"
"87","Feleipe Franks (ATL)","0","0","0","0","0","0","0","0","0","0","0","0","0","0","0.0%"
"88","Tanner McLachlan (CIN)","0","0","0","0","0","0","0","0","0","0","0","0","0","0","0.0%"
"89","Tip Reiman (ARI)","0","0","0","0","0","0","0","0","0","0","0","1","0.0","0.0","0.1%"
"90","Cam Grandy (CIN)","0","0","0","0","0","0","0","0","0","0","0","0","0","0","0.0%"
"91","McCallan Castles (LAR)","0","0","0","0","0","0","0","0","0","0","0","0","0","0","0.0%"
"92","Jared Wiley (KC)","0","0","0","0","0","0","0","0","0","0","0","1","0.0","0.0","0.6%"
"93","Tyler Warren (IND)","0","0","0","0","0","0","0","0","0","0","0","0","0","0","82.0%"
"94","Ben Sinnott (WAS)","0","0","0","0","0","0","0","0","0","0","0","1","0.0","0.0","3.8%"
"95","Mason Pline (NO)","0","0","0","0","0","0","0","0","0","0","0","0","0","0","0.0%"
"96","Neal Johnson (NYJ)","0","0","0","0","0","0","0","0","0","0","0","0","0","0","0.0%"
"97","Thomas Yassmin (LAC)","0","0","0","0","0","0","0","0","0","0","0","0","0","0","0.0%"
"98","Treyton Welch (NO)","0","0","0","0","0","0","0","0","0","0","0","0","0","0","0.0%"
"99","Jack Westover (NE)","0","0","0","0","0","0","0","0","0","0","0","0","0","0","0.0%"
"100","Steven Stilianos (DET)","0","0","0","0","0","0","0","0","0","0","0","0","0","0","0.0%"
"101","Colson Yankoff (WAS)","0","0","0","0","0","0","0","0","0","0","0","0","0","0","1.1%"
"102","Devin Culp (TB)","0","0","0","0","0","0","0","0","0","0","0","0","0","0","1.2%"
"103","Messiah Swinson (GB)","0","0","0","0","0","0","0","0","0","0","0","0","0","0","0.0%"
"104","Brenden Bates (CLE)","0","0","0","0","0","0","0","0","0","0","0","0","0","0","0.0%"
"105","Kevin Foelsch (PIT)","0","0","0","0","0","0","0","0","0","0","0","0","0","0","0.0%"
"106","Brady Russell (SEA)","0","0","0","0","0","0","0","0","0","0","0","1","0.0","0.0","0.0%"
"107","Tanner Taula (TB)","0","0","0","0","0","0","0","0","0","0","0","0","0","0","0.0%"
"108","Johnny Lumpkin (GB)","0","0","0","0","0","0","0","0","0","0","0","0","0","0","0.0%"
"109","Travis Vokolek (ARI)","0","0","0","0","0","0","0","0","0","0","0","0","0","0","0.0%"
"110","E.J. Jenkins (PHI)","0","0","0","0","0","0","0","0","0","0","0","0","0","0","1.0%"
"111","Blake Whiteheart (CLE)","0","0","0","0","0","0","0","0","0","0","0","1","0.0","0.0","0.0%"
"112","Gavin Bartholomew (MIN)","0","0","0","0","0","0","0","0","0","0","0","0","0","0","0.1%"
"113","Colston Loveland (CHI)","0","0","0","0","0","0","0","0","0","0","0","0","0","0","78.5%"
"114","Mason Taylor (NYJ)","0","0","0","0","0","0","0","0","0","0","0","0","0","0","14.2%"
"115","Caden Prieskorn (DEN)","0","0","0","0","0","0","0","0","0","0","0","0","0","0","1.0%"
"116","Brevyn Spann-Ford (DAL)","0","0","0","0","0","0","0","0","0","0","0","1","0.0","0.0","0.0%"
"117","Princeton Fant (DAL)","0","0","0","0","0","0","0","0","0","0","0","0","0","0","0.0%"
"118","Bryson Nesbit (MIN)","0","0","0","0","0","0","0","0","0","0","0","0","0","0","0.0%"
"119","Oronde Gadsden II (LAC)","0","0","0","0","0","0","0","0","0","0","0","0","0","0","2.9%"
"120","John Stephens Jr. (DAL)","0","0","0","0","0","0","0","0","0","0","0","0","0","0","0.0%"
"121","Shawn Bowman (JAC)","0","0","0","0","0","0","0","0","0","0","0","0","0","0","0.0%"
"122","JJ Galbreath (PIT)","0","0","0","0","0","0","0","0","0","0","0","0","0","0","0.0%"
"123","Bryce Pierre (CAR)","0","0","0","0","0","0","0","0","0","0","0","0","0","0","0.0%"
"124","John Copenhaver (JAC)","0","0","0","0","0","0","0","0","0","0","0","0","0","0","0.0%"
"125","Patrick Herbert (JAC)","0","0","0","0","0","0","0","0","0","0","0","0","0","0","0.0%"
"126","Tyler Neville (DAL)","0","0","0","0","0","0","0","0","0","0","0","0","0","0","0.0%"
"127","Stevo Klotz (LAC)","0","0","0","0","0","0","0","0","0","0","0","0","0","0","0.0%"
"128","Oscar Cardenas (ARI)","0","0","0","0","0","0","0","0","0","0","0","0","0","0","0.0%"
"129","Caleb Lohner (DEN)","0","0","0","0","0","0","0","0","0","0","0","0","0","0","1.0%"
"130","Marshall Lang (SEA)","0","0","0","0","0","0","0","0","0","0","0","0","0","0","0.0%"
"131","Robbie Ouzts (SEA)","0","0","0","0","0","0","0","0","0","0","0","0","0","0","0.1%"
"132","Maximilian Mang (IND)","0","0","0","0","0","0","0","0","0","0","0","0","0","0","0.0%"
"133","Thomas Gordon (CHI)","0","0","0","0","0","0","0","0","0","0","0","0","0","0","0.0%"
"134","Mitch Van Vooren (CLE)","0","0","0","0","0","0","0","0","0","0","0","0","0","0","0.0%"
"135","Drake Dabney (TEN)","0","0","0","0","0","0","0","0","0","0","0","0","0","0","0.0%"
"136","Nick Kallerup (SEA)","0","0","0","0","0","0","0","0","0","0","0","0","0","0","0.0%"
"137","Jermaine Terry II (NYG)","0","0","0","0","0","0","0","0","0","0","0","0","0","0","0.0%"
"138","Ben Yurosek (MIN)","0","0","0","0","0","0","0","0","0","0","0","0","0","0","0.0%"
"139","Tre Watson (KC)","0","0","0","0","0","0","0","0","0","0","0","0","0","0","0.0%"
"140","Zach Horton (DET)","0","0","0","0","0","0","0","0","0","0","0","0","0","0","0.0%"
"141","Carter Runyon (LV)","0","0","0","0","0","0","0","0","0","0","0","0","0","0","0.0%"
"142","Hayden Rucci (MIA)","0","0","0","0","0","0","0","0","0","0","0","0","0","0","0.0%"
"143","CJ Dippre (NE)","0","0","0","0","0","0","0","0","0","0","0","0","0","0","0.0%"
"144","Mitchell Evans (CAR)","0","0","0","0","0","0","0","0","0","0","0","0","0","0","0.6%"
"145","Gunnar Helm (TEN)","0","0","0","0","0","0","0","0","0","0","0","0","0","0","2.4%"
"146","Harold Fannin Jr. (CLE)","0","0","0","0","0","0","0","0","0","0","0","0","0","0","4.4%"
"147","Geor'Quarius Spivey (KC)","0","0","0","0","0","0","0","0","0","0","0","0","0","0","1.2%"
"148","David Martin-Robinson (TEN)","0","0","0","0","0","0","0","0","0","0","0","0","0","0","0.0%"
"149","Qadir Ismail (LV)","0","0","0","0","0","0","0","0","0","0","0","0","0","0","0.0%"
"150","Keleki Latu (BUF)","0","0","0","0","0","0","0","0","0","0","0","0","0","0","0.0%"
"151","Jackson Hawes (BUF)","0","0","0","0","0","0","0","0","0","0","0","0","0","0","1.1%"
"152","Gee Scott Jr. (NE)","0","0","0","0","0","0","0","0","0","0","0","0","0","0","0.0%"
"153","Rivaldo Fairweather (DAL)","0","0","0","0","0","0","0","0","0","0","0","0","0","0","0.0%"
"154","Joshua Simon (ATL)","0","0","0","0","0","0","0","0","0","0","0","0","0","0","0.0%"
"155","Cole Turner (WAS)","0","0","0","0","0","0","0","0","0","0","0","0","0","0","1.0%"
"156","Michael Jacobson (NO)","0","0","0","0","0","0","0","0","0","0","0","0","0","0","0.0%"
"157","Sal Cannella (CLE)","0","0","0","0","0","0","0","0","0","0","0","0","0","0","0.0%"
"158","Davis Allen (LAR)","0","0","0","0","0","0","0","0","0","0","0","0","0","0","1.0%"
"159","Will Mallory (IND)","0","0","0","0","0","0","0","0","0","0","0","0","0","0","1.0%"
"160","Shane Zylstra (DET)","0","0","0","0","0","0","0","0","0","0","0","0","0","0","1.1%"
"161","Nikola Kalinic (ATL)","0","0","0","0","0","0","0","0","0","0","0","0","0","0","0.0%"
"162","Nick Muse (PHI)","0","0","0","0","0","0","0","0","0","0","0","0","0","0","0.0%"
"163","Teagan Quitoriano (ATL)","0","0","0","0","0","0","0","0","0","0","0","0","0","0","0.0%"
"164","John FitzPatrick (GB)","0","0","0","0","0","0","0","0","0","0","0","0","0","0","0.0%"
"165","Grant Calcaterra (PHI)","0","0","0","0","0","0","0","0","0","0","0","1","0.0","0.0","0.6%"
"166","Jelani Woods (IND)","0","0","0","0","0","0","0","0","0","0","0","0","0","0","3.9%"
"167","Justin Shorter (LV)","0","0","0","0","0","0","0","0","0","0","0","0","0","0","1.9%"
"168","Mark Redman (LAR)","0","0","0","0","0","0","0","0","0","0","0","0","0","0","0.0%"
"169","James Mitchell (CAR)","0","0","0","0","0","0","0","0","0","0","0","0","0","0","0.0%"
"170","Greg Dulcich (NYG)","0","0","0","0","0","0","0","0","0","0","0","1","0.0","0.0","5.8%"
"171","Baylor Cupp (BAL)","0","0","0","0","0","0","0","0","0","0","0","0","0","0","0.0%"
"172","Moliki Matavao (NO)","0","0","0","0","0","0","0","0","0","0","0","0","0","0","1.0%"
"173","Terrance Ferguson (LAR)","0","0","0","0","0","0","0","0","0","0","0","0","0","0","5.4%"
"174","Jack Stoll (NO)","0","0","0","0","0","0","0","0","0","0","0","1","0.0","0.0","0.0%"
"175","Zach Davidson (BUF)","0","0","0","0","0","0","0","0","0","0","0","0","0","0","1.0%"
"176","Jacob Harris (TB)","0","0","0","0","0","0","0","0","0","0","0","0","0","0","0.0%"
"177","Lucas Krull (DEN)","0","0","0","0","0","0","0","0","0","0","0","0","0","0","1.8%"
"178","Joel Wilson (CHI)","0","0","0","0","0","0","0","0","0","0","0","0","0","0","0.0%"
"179","Tucker Fisk (LAC)","0","0","0","0","0","0","0","0","0","0","0","0","0","0","1.0%"
"180","Cole Fotheringham (NE)","0","0","0","0","0","0","0","0","0","0","0","0","0","0","1.1%"
"181","Zaire Mitchell-Paden (BAL)","0","0","0","0","0","0","0","0","0","0","0","0","0","0","1.0%"
"182","Rodney Williams (FA)","0","0","0","0","0","0","0","0","0","0","0","1","0.0","0.0","0.0%"
"183","Brayden Willis (SF)","0","0","0","0","0","0","0","0","0","0","0","1","0.0","0.0","0.0%"
"184","Ben Sims (GB)","0","0","0","0","0","0","0","0","0","0","0","1","0.0","0.0","0.0%"
"185","Zack Kuntz (NYJ)","0","0","0","0","0","0","0","0","0","0","0","0","0","0","2.5%"
"186","Cade Stover (HOU)","0","0","0","0","0","0","0","0","0","0","0","1","0.0","0.0","1.2%"
"187","Thomas Odukoya (TEN)","0","0","0","0","0","0","0","0","0","0","0","0","0","0","1.0%"
"188","Cameron Latu (PHI)","0","0","0","0","0","0","0","0","0","0","0","0","0","0","1.2%"
"189","Drew Ogletree (IND)","0","0","0","0","0","0","0","0","0","0","0","1","0.0","0.0","1.1%"
"190","Seth Green (NO)","0","0","0","0","0","0","0","0","0","0","0","0","0","0","0.0%"
"191","Ja'Tavion Sanders (CAR)","0","1","0","0","0","0","0","0","0","0","0","1","0.0","0.0","6.8%"
"192","Ko Kieft (TB)","0","0","0","0","0","0","0","0","0","0","0","1","0.0","0.0","0.0%"
"193","Jake Tonges (SF)","0","0","0","0","0","0","0","0","0","0","0","1","0.0","0.0","0.0%"
"194","Jaheim Bell (NE)","0","0","0","0","0","0","0","0","0","0","0","0","0","0","1.0%"
"195","Leroy Watson IV (MIN)","0","0","0","0","0","0","0","0","0","0","0","0","0","0","1.0%"
"196","Stone Smartt (NYJ)","0","0","0","0","0","0","0","0","0","0","0","1","0.0","0.0","1.0%"
"197","Andrew Beck (NYJ)","0","0","0","0","0","0","0","0","0","0","0","0","0","0","0.0%"
"198","Drew Sample (CIN)","0","0","0","0","0","0","0","0","0","0","0","1","0.0","0.0","0.6%"
"199","Drake Dunsmore (TB)","0","0","0","0","0","0","0","0","0","0","0","0","0","0","0.0%"
"200","Dominique Curry (DET)","0","0","0","0","0","0","0","0","0","0","0","0","0","0","0.0%"
"201","J.P. Foschi (CIN)","0","0","0","0","0","0","0","0","0","0","0","0","0","0","0.0%"
"202","Derek Fine (HOU)","0","0","0","0","0","0","0","0","0","0","0","0","0","0","0.0%"
"203","Joey Haynos (MIA)","0","0","0","0","0","0","0","0","0","0","0","0","0","0","0.0%"
"204","Brad Cottam (KC)","0","0","0","0","0","0","0","0","0","0","0","0","0","0","0.0%"
"205","Darnell Dinkins (NO)","0","0","0","0","0","0","0","0","0","0","0","0","0","0","0.0%"
"206","Marquez Branson (ATL)","0","0","0","0","0","0","0","0","0","0","0","0","0","0","0.0%"
"207","James Dearth (NYJ)","0","0","0","0","0","0","0","0","0","0","0","0","0","0","0.0%"
"208","Marcedes Lewis (FA)","0","0","0","0","0","0","0","0","0","0","0","1","0.0","0.0","0.0%"
"209","Keith Zinger (ATL)","0","0","0","0","0","0","0","0","0","0","0","0","0","0","0.0%"
"210","Justin Snow (IND)","0","0","0","0","0","0","0","0","0","0","0","0","0","0","0.0%"
"211","Taysom Hill (NO)","0","0","0","0","0","0","0","0","0","0","0","0","0","0","4.7%"
"212","David Njoku (CLE)","0","0","0","0","0","0","0","0","0","0","0","0","0","0","91.8%"
"213","Evan Engram (DEN)","0","0","0","0","0","0","0","0","0","0","0","0","0","0","90.0%"
"214","Mo Alie-Cox (IND)","0","1","0","0","0","0","0","0","0","0","0","1","0.0","0.0","0.6%"
"215","Robert Tonyan (KC)","0","0","0","0","0","0","0","0","0","0","0","0","0","0","0.0%"
"216","George Kittle (SF)","0","0","0","0","0","0","0","0","0","0","0","0","0","0","99.4%"
"217","Gerald Everett (FA)","0","1","0","0","0","0","0","0","0","0","0","1","0.0","0.0","1.4%"
"218","T.J. Hockenson (MIN)","0","0","0","0","0","0","0","0","0","0","0","0","0","0","96.3%"
"219","Albert Okwuegbunam Jr. (LV)","0","0","0","0","0","0","0","0","0","0","0","0","0","0","0.0%"
"220","Irv Smith Jr. (HOU)","0","0","0","0","0","0","0","0","0","0","0","0","0","0","0.0%"
"221","Tyree Jackson (WAS)","0","0","0","0","0","0","0","0","0","0","0","0","0","0","0.0%"
"222","Josh Oliver (MIN)","0","1","0","0","0","0","0","0","0","0","0","1","0.0","0.0","0.7%"
"223","Ross Dwelley (FA)","0","0","0","0","0","0","0","0","0","0","0","1","0.0","0.0","0.0%"
"224","Ian Thomas (LV)","0","0","0","0","0","0","0","0","0","0","0","0","0","0","0.1%"
"225","Mark Andrews (BAL)","0","1","0","0","0","0","0","0","0","0","0","1","0.0","0.0","94.8%"
"226","Tanner Hudson (CIN)","0","0","0","0","0","0","0","0","0","0","0","0","0","0","1.2%"
"227","Chris Manhertz (NYG)","0","0","0","0","0","0","0","0","0","0","0","1","0.0","0.0","0.0%"
"228","Darren Waller (MIA)","0","0","0","0","0","0","0","0","0","0","0","0","0","0","17.0%"
"229","Zach Wood (NO)","0","0","0","0","0","0","0","0","0","0","0","0","0","0","2.5%"
"230","Tyler Higbee (LAR)","0","0","0","0","0","0","0","0","0","0","0","0","0","0","6.4%"
"231","Andrew DePaola (MIN)","0","0","0","0","0","0","0","0","0","0","0","0","0","0","0.0%"
"232","Tyler Ott (WAS)","0","0","0","0","0","0","0","0","0","0","0","0","0","0","0.0%"
"233","James Winchester (KC)","0","0","0","0","0","0","0","0","0","0","0","1","0.0","0.0","0.0%"
"234","Gunnar Oakes (DET)","0","0","0","0","0","0","0","0","0","0","0","0","0","0","0.0%"
""
""